KODE BARANG,NAMA BARANG,Satuan,Harga Beli,Diskon,Pajak,Harga Jual,Status Audit
928,"Rubbering 16"" Karet/Ruber - 400mm",buah,1792825,179282.5,89641.25,1703183.75,Ya
386,"Flange Buta 3"" CI - 80mm",buah,1791697,179169.7,89584.85,1702112.15,Ya
524,Kartu Gudang - Karton - -,lembar,1790093,179009.30000000002,89504.65000000001,1700588.35,Ya
980,"Tee All RR 10"" x 8"" PVC - 250 X 200mm",buah,1789013,178901.30000000002,89450.65000000001,1699562.35,Ya
873,"Socket All SC 1 1/4"" PVC - 40mm",buah,1784884,178488.40000000002,89244.20000000001,1695639.8,Ya
89,Asam Asetat - Cair - -,liter,1783715,178371.5,89185.75,1694529.25,Ya
968,"Tee RR + SC 4"" x 1 1/2"" PVC - 110 X 50mm",buah,1783667,178366.7,89183.35,1694483.65,Ya
618,Map Plastik Jepit - Plastik - -,buah,1780343,178034.30000000002,89017.15000000001,1691325.85,Ya
434,"Flange Spigot 10"" CI - 250mm",buah,1778371,177837.1,88918.55,1689452.45,Ya
546,"Kertas Continue Form 3 ply bergaris 1000 set 14 7/8 x 11"" Kertas - -",box,1774951,177495.1,88747.55,1686203.45,Ya
774,"Pipa S-8 (PN-6) - 50 meter 2 1/2"" HDPE - 75mm",meter,1774930,177493.0,88746.5,1686183.5,Ya
196,Besi Am. Sulfat Heksa hidrat - Cair - -,gram,1774722,177472.2,88736.1,1685985.9,Ya
701,"Pipa S-12,5 MOF -6 meter 8"" PVC - 200mm",meter,1771653,177165.30000000002,88582.65000000001,1683070.35,Ya
807,"Reducer All Flange 14"" x 10"" CI - 350 x 250mm",buah,1769572,176957.2,88478.6,1681093.4,Ya
292,Cutter Kecil - Plastik - -,buah,1769537,176953.7,88476.85,1681060.15,Ya
603,"Knee 2 1/2"" GI - 65mm",buah,1767422,176742.2,88371.1,1679050.9,Ya
833,"Reducer RR + SC 4"" x 1"" PVC - 110 X 32mm",buah,1766357,176635.7,88317.85,1678039.15,Ya
759,"Pipa S-5 (PN-10) - 6 meter 6"" HDPE - 160mm",meter,1765764,176576.40000000002,88288.20000000001,1677475.8,Ya
233,CaCO3 - Powder - -,gram,1761480,176148.0,88074.0,1673406.0,Ya
123,"Bend All RR 11 1/4 drj S-12,5 - PVC - 280mm",buah,1761345,176134.5,88067.25,1673277.75,Ya
211,Buku Kwitansi Besar - Kertas - -,buah,1758822,175882.2,87941.1,1670880.9,Ya
250,"Clamp Sadle 8"" x 1 1/2"" PVC - 200 X 50mm",buah,1756611,175661.1,87830.55,1668780.45,Ya
246,"Clamp Sadle 6"" x 2"" PVC - 160 X 63mm",buah,1756329,175632.90000000002,87816.45000000001,1668512.55,Ya
640,"Pipa 8"" ACP - 200mm",meter,1755317,175531.7,87765.85,1667551.15,Ya
962,"Tee All RR 4"" x 3"" PVC - 110 x 90mm",buah,1754616,175461.6,87730.8,1666885.2,Ya
837,"Reducer All RR 4"" x 3"" PVC - 110 X 90mm",buah,1753959,175395.90000000002,87697.95000000001,1666261.05,Ya
558,"Kertas Continue Form 5 ply bergaris 500 set 9 1/2 x 11"" Kertas - -",box,1752888,175288.80000000002,87644.40000000001,1665243.6,Ya
652,"Pipa Medium - 6 meter 8"" GI - 200mm",meter,1751549,175154.90000000002,87577.45000000001,1663971.55,Ya
660,"Pipa Medium - 6 meter 3"" GI - 80mm",meter,1749631,174963.1,87481.55,1662149.45,Ya
969,"Tee All RR 6"" x 4"" PVC - 160 X 110mm",buah,1747949,174794.90000000002,87397.45000000001,1660551.55,Ya
373,Flange Adaptor RRJ - PVC - 225mm,buah,1747265,174726.5,87363.25,1659901.75,Ya
316,"Dop/Cup RR 2 1/2"" PVC - 75mm",buah,1740215,174021.5,87010.75,1653204.25,Ya
216,"Butterfly Valve Flanged with Gear 12"" CI - 300mm",buah,1736570,173657.0,86828.5,1649741.5,Ya
332,DPD Tablet 3 - Powder - -,tablet,1735370,173537.0,86768.5,1648601.5,Ya
168,"Bend All RR 11 1/4 drj S-12,5 8"" PVC - 200mm",buah,1733604,173360.40000000002,86680.20000000001,1646923.8,Ya
15,"Bend All Flanged 22.5 drj 12"" CI - 300mm",buah,1733201,173320.1,86660.05,1646540.95,Ya
541,"Kertas Continue Form 2 ply NCR polos 1000 set 9 1/2 x 11"" Kertas - -",box,1733160,173316.0,86658.0,1646502.0,Ya
719,"Pipa S-12,5 RR - 6 meter 12"" PVC - 315mm",meter,1732449,173244.90000000002,86622.45000000001,1645826.55,Ya
427,"Reducer RR + Spigot 10 x 6"" PVC - 250 x 160mm",buah,1731760,173176.0,86588.0,1645172.0,Ya
165,"Bend All SC 90 drj 1 1/2"" PVC - 50mm",buah,1731026,173102.6,86551.3,1644474.7,Ya
924,"Rubbering 8"" Karet/Ruber - 200mm",buah,1730972,173097.2,86548.6,1644423.4,Ya
409,Flange Spigot - PVC - 225mm,buah,1727280,172728.0,86364.0,1640916.0,Ya
20,"Bend All Flanged 45 drj 4"" CI - 100mm",buah,1727123,172712.30000000002,86356.15000000001,1640766.85,Ya
171,"Bend All RR 11 1/4 drj S-12,5 18"" PVC - 450mm",buah,1724159,172415.90000000002,86207.95000000001,1637951.05,Ya
387,"Flange Buta 4"" CI - 100mm",buah,1723859,172385.90000000002,86192.95000000001,1637666.05,Ya
648,"Pipa 14"" Steel - 350mm",meter,1722758,172275.80000000002,86137.90000000001,1636620.1,Ya
458,Form Voucher - Kertas - -,Rim,1715414,171541.40000000002,85770.70000000001,1629643.3,Ya
783,"Pipa S-8 (PN-6) - 6 meter 10"" HDPE - 250mm",meter,1715012,171501.2,85750.6,1629261.4,Ya
998,"Tee RR + SC 3"" x 1 1/2"" PVC - 90 X 50mm",buah,1713392,171339.2,85669.6,1627722.4,Ya
258,"Clamp Sadle 2"" x 3/4"" PVC - 63 X 25mm",buah,1711374,171137.40000000002,85568.70000000001,1625805.3,Ya
268,"Clamp Sadle 3"" x 1 1/4"" PVC - 90 X 40mm",buah,1709873,170987.30000000002,85493.65000000001,1624379.35,Ya
985,"Tee All SC 1 1/4"" x 1/2"" PVC - 40 X 20mm",buah,1708570,170857.0,85428.5,1623141.5,Ya
750,"Pipa S-5 (PN-10) - 250 meter 5/8"" HDPE - 16mm",meter,1708002,170800.2,85400.1,1622601.9,Ya
41,"Tee All Flanged 12"" x 5"" CI - 300 x 125mm",buah,1707100,170710.0,85355.0,1621745.0,Ya
786,"Pipa S-8 (PN-6) - 6 meter 14"" HDPE - 355mm",meter,1706230,170623.0,85311.5,1620918.5,Ya
810,"Reducer All Flange 14"" x 6"" CI - 350 x 150mm",buah,1703134,170313.40000000002,85156.70000000001,1617977.3,Ya
578,Kertas Karbon-Kertas F4 - Kertas Daito -,dus,1702064,170206.40000000002,85103.20000000001,1616960.8,Ya
505,"Giboult Joint for PVC 3"" CI - 80mm",buah,1701147,170114.7,85057.35,1616089.65,Ya
764,Pipa S-5 (PN-10) - 6 meter - HDPE - 280mm,meter,1697903,169790.30000000002,84895.15000000001,1613007.85,Ya
972,"Tee All SC 1/2"" x 1/2"" PVC - 20 X 20mm",buah,1695415,169541.5,84770.75,1610644.25,Ya
557,"Kertas Continue Form 5 ply bergaris 500 set 14 7/8 x 11"" Kertas - -",box,1690534,169053.40000000002,84526.70000000001,1606007.3,Ya
146,"Bend All RR 45 drj S-12,5 8"" PVC - 200mm",buah,1687079,168707.90000000002,84353.95000000001,1602725.05,Ya
101,"Automatic Single Air Relief Batterfly Valve Flanged 3"" CI - 80mm",buah,1685941,168594.1,84297.05,1601643.95,Ya
521,Kaporit - Powder - -,kilogram,1685264,168526.40000000002,84263.20000000001,1601000.8,Ya
54,"Tee All Flanged 16"" x 4"" CI - 400 x 100mm",buah,1676557,167655.7,83827.85,1592729.15,Ya
425,"Flange Spigot 2"" PVC - 63mm",buah,1676457,167645.7,83822.85,1592634.15,Ya
858,"Reducer All SC 3/4"" x 1/2"" PVC - 25 X 20mm",buah,1675280,167528.0,83764.0,1591516.0,Ya
649,"Pipa Medium - 6 meter 4"" GI - 100mm",meter,1674144,167414.40000000002,83707.20000000001,1590436.8,Ya
685,Pipa S-10 RR - 6 meter - PVC - 225mm,meter,1673377,167337.7,83668.85,1589708.15,Ya
906,"Repair Socket 8"" PVC - 200mm",buah,1669317,166931.7,83465.85,1585851.15,Ya
16,"Bend All Flanged 22.5 drj 14"" CI - 350mm",buah,1668698,166869.80000000002,83434.90000000001,1585263.1,Ya
237,"Clamp Sadle 4"" x 3/4"" PVC - 110 X 25mm",buah,1666745,166674.5,83337.25,1583407.75,Ya
446,Form Jurnal Bayar Kas (JBK) A3 - Kertas - -,buku,1665640,166564.0,83282.0,1582358.0,Ya
359,"Female Threaded Adaptor 1/2"" x 1/2"" HDPE - 20 x 20mm",buah,1662939,166293.90000000002,83146.95000000001,1579792.05,Ya
442,Form Bukti Persetujuan Pemasangan Instalasi(BPPI) F4 - Kertas - -,buku,1661836,166183.6,83091.8,1578744.2,Ya
114,"Ball Valve 3/4"" PVC - 25mm",buah,1659117,165911.7,82955.85,1576161.15,Ya
195,Bensin - Cair - -,liter,1659077,165907.7,82953.85,1576123.15,Ya
554,"Kertas Continue Form 4 ply NCR polos 500 set 9 1/2 x 11"" Kertas - -",box,1658205,165820.5,82910.25,1575294.75,Ya
986,"Tee All SC 1 1/4"" x 1"" PVC - 40 X 32mm",buah,1657065,165706.5,82853.25,1574211.75,Ya
302,"Dop Topi 1 1/2"" GI - -",buah,1656590,165659.0,82829.5,1573760.5,Ya
871,"Reducer All SC 1 1/4"" x 3/4"" PVC - 40 X 25mm",buah,1656277,165627.7,82813.85,1573463.15,Ya
275,"Clamp Sadle 4"" x 3/4"" CI - 100 x 25mm",buah,1654539,165453.90000000002,82726.95000000001,1571812.05,Ya
240,"Clamp Sadle 4"" x 2"" PVC - 110 X 63mm",buah,1654198,165419.80000000002,82709.90000000001,1571488.1,Ya
789,Pita Mesin Brother Nylon - Kain - -,buah,1653296,165329.6,82664.8,1570631.2,Ya
311,"Dop/Cup RR 12"" PVC - 315mm",buah,1651646,165164.6,82582.3,1569063.7,Ya
726,"Pipa S-12,5 RR - 6 meter 28"" PVC - 710mm",meter,1650576,165057.6,82528.8,1568047.2,Ya
889,"Reducer RR + SC 3"" x 1/2"" PVC - 90 X 20mm",buah,1649714,164971.40000000002,82485.70000000001,1567228.3,Ya
820,"Reducer All Flange 6"" x 2"" CI - 150 x 50mm",buah,1649382,164938.2,82469.1,1566912.9,Ya
375,"Flange Adaptor RRJ 10"" PVC - 250mm",buah,1649140,164914.0,82457.0,1566683.0,Ya
182,"Bend All RR 45 drj S-12,5 - PVC - 280mm",buah,1648652,164865.2,82432.6,1566219.4,Ya
147,"Bend All RR 45 drj S-12,5 - PVC - 225mm",buah,1648200,164820.0,82410.0,1565790.0,Ya
817,"Reducer All Flange 3"" x 2"" CI - 80 x 50mm",buah,1646292,164629.2,82314.6,1563977.4,Ya
661,"Pipa S-10 MOF - 6 meter 12"" PVC - 315mm",meter,1644943,164494.30000000002,82247.15000000001,1562695.85,Ya
687,Pipa S-10 RR - 6 meter - PVC - 280mm,meter,1643910,164391.0,82195.5,1561714.5,Ya
622,Metil Merah - Powder - -,gram,1639270,163927.0,81963.5,1557306.5,Ya
951,"Swing Chek Valve Flanged PN.10 3"" CI - 80mm",buah,1638525,163852.5,81926.25,1556598.75,Ya
650,"Pipa Medium - 6 meter 5"" GI - 125mm",meter,1638225,163822.5,81911.25,1556313.75,Ya
888,"Socket All RR 2 1/2"" PVC - 75mm",buah,1637698,163769.80000000002,81884.90000000001,1555813.1,Ya
977,"Tee All SC 3/4"" x 3/4"" PVC - 25 X 25mm",buah,1631954,163195.40000000002,81597.70000000001,1550356.3,Ya
952,"Swing Chek Valve Flanged PN.10 5"" CI - 125mm",buah,1631901,163190.1,81595.05,1550305.95,Ya
61,"Tee All Flanged 4"" x 3"" CI - 100 x 80mm",buah,1630290,163029.0,81514.5,1548775.5,Ya
12,"Bend All Flanged 22.5 drj 6"" CI - 150mm",buah,1629613,162961.30000000002,81480.65000000001,1548132.35,Ya
930,"Rubbering 2 1/2"" Karet/Ruber - 75mm",buah,1628701,162870.1,81435.05,1547265.95,Ya
555,"Kertas Continue Form 4 ply polos 500 set 14 7/8 x 11"" Kertas - -",box,1628357,162835.7,81417.85,1546939.15,Ya
392,"Flange Buta 14"" CI - 350mm",buah,1627573,162757.30000000002,81378.65000000001,1546194.35,Ya
99,"Automatic Double Air Relief Batterfly Valve Flanged 3"" CI - 80mm",buah,1627180,162718.0,81359.0,1545821.0,Ya
981,"Tee All RR 10"" x 2 1/2"" PVC - 250 X 75mm",buah,1627162,162716.2,81358.1,1545803.9,Ya
192,"Bend All RR 90 drj S-12,5 20"" PVC - 500mm",buah,1622202,162220.2,81110.1,1541091.9,Ya
990,"Tee RR + SC 2"" x 1"" PVC - 63 X 32mm",buah,1622116,162211.6,81105.8,1541010.2,Ya
797,"Reducer All Flange 10"" x 2"" CI - 250 x 50mm",buah,1620655,162065.5,81032.75,1539622.25,Ya
992,"Tee RR + SC 2 1/2"" x 1/2"" PVC - 75 X 20mm",buah,1620273,162027.30000000002,81013.65000000001,1539259.35,Ya
298,"Dop Topi 8"" GI - -",buah,1619444,161944.40000000002,80972.20000000001,1538471.8,Ya
257,"Clamp Sadle 2"" x 1/2"" PVC - 63 X 20mm",buah,1613897,161389.7,80694.85,1533202.15,Ya
6,"Bend All Flanged 11.25 drj 12"" CI - 300mm",buah,1612952,161295.2,80647.6,1532304.4,Ya
922,"Repair Socket 3"" PVC - 90mm",buah,1611713,161171.30000000002,80585.65000000001,1531127.35,Ya
866,"Reducer All RR 10"" x 3"" PVC - 250 X 90mm",buah,1611699,161169.90000000002,80584.95000000001,1531114.05,Ya
878,"Reducer RR + SC 2"" x 1/2"" PVC - 63 X 20mm",buah,1610922,161092.2,80546.1,1530375.9,Ya
206,Buffer Solution pH 7 - Cair - -,liter,1610449,161044.90000000002,80522.45000000001,1529926.55,Ya
725,"Pipa S-12,5 RR - 6 meter 24"" PVC - 630mm",meter,1609223,160922.30000000002,80461.15000000001,1528761.85,Ya
78,"Tee All Flanged 10"" x 6"" CI - 250 x 150mm",buah,1606982,160698.2,80349.1,1526632.9,Ya
493,"Gate Valve Flanged Flat Body 3"" CI - 80mm",buah,1606147,160614.7,80307.35,1525839.65,Ya
13,"Bend All Flanged 22.5 drj 8"" CI - 200mm",buah,1604955,160495.5,80247.75,1524707.25,Ya
491,"Gate Valve Flanged Flat Body 20"" CI - 500mm",buah,1604402,160440.2,80220.1,1524181.9,Ya
326,"Double Neple 2"" GI - 50mm",buah,1602729,160272.90000000002,80136.45000000001,1522592.55,Ya
910,Repair Socket - PVC - 280mm,buah,1601001,160100.1,80050.05,1520950.95,Ya
408,"Flange Spigot 8"" PVC - 200mm",buah,1600328,160032.80000000002,80016.40000000001,1520311.6,Ya
711,"Pipa S-12,5 MOF -6 meter 2-1/2"" PVC - 75mm",meter,1598649,159864.90000000002,79932.45000000001,1518716.55,Ya
702,"Pipa S-12,5 MOF -6 meter - PVC - 225mm",meter,1598290,159829.0,79914.5,1518375.5,Ya
136,"Bend All RR 22 1/2 drj S-12,5 - PVC - 280mm",buah,1596894,159689.40000000002,79844.70000000001,1517049.3,Ya
404,"Flange Spigot 4"" PVC - 110mm",buah,1595647,159564.7,79782.35,1515864.65,Ya
611,"Male Threaded Adaptor 1/2"" x 1/2"" HDPE - 20 x 20mm",buah,1595037,159503.7,79751.85,1515285.15,Ya
516,Isi Cutter Kecil - Steel - -,buah,1594871,159487.1,79743.55,1515127.45,Ya
592,"Knee 2"" PVC - 63mm",buah,1591903,159190.30000000002,79595.15000000001,1512307.85,Ya
494,"Giboult Joint for PVC 4"" CI - 100mm",buah,1587795,158779.5,79389.75,1508405.25,Ya
880,"Reducer RR + SC 2"" x 1"" PVC - 63 X 32mm",buah,1585323,158532.30000000002,79266.15000000001,1506056.85,Ya
320,"Double Neple 3/4"" GI - 25mm",buah,1584920,158492.0,79246.0,1505674.0,Ya
384,"Flange Adaptor RRJ 3"" PVC - 90mm",buah,1579111,157911.1,78955.55,1500155.45,Ya
724,"Pipa S-12,5 RR - 6 meter 2"" PVC - 63mm",meter,1577243,157724.30000000002,78862.15000000001,1498380.85,Ya
619,Map Plastik SneiHekter - Plastik - -,buah,1577235,157723.5,78861.75,1498373.25,Ya
796,Porpurator Kecil - Steel - -,buah,1576841,157684.1,78842.05,1497998.95,Ya
540,"Kertas Continue Form 2 ply bergaris 1000 set 9 1/2 x 11"" Kertas - -",box,1575841,157584.1,78792.05,1497048.95,Ya
267,"Clamp Sadle 3"" x 1"" PVC - 90 X 32mm",buah,1575109,157510.90000000002,78755.45000000001,1496353.55,Ya
31,"Bend All Flanged 90 drj 3"" CI - 80mm",buah,1574965,157496.5,78748.25,1496216.75,Ya
208,Buku Ekpedisi 1/2 F4 - Kertas - -,buah,1574662,157466.2,78733.1,1495928.9,Ya
37,"Bend All Flanged 90 drj 14"" CI - 350mm",buah,1571049,157104.9,78552.45,1492496.55,Ya
109,"Ball Valve 2"" Brass - 50mm",buah,1568303,156830.30000000002,78415.15000000001,1489887.85,Ya
288,"Coupling 1"" HDPE - 32 x 32mm",buah,1568299,156829.9,78414.95,1489884.05,Ya
899,"Loose Flange 4"" CI - 100mm",buah,1566137,156613.7,78306.85,1487830.15,Ya
684,"Pipa S-10 RR - 6 meter 8"" PVC - 200mm",meter,1561765,156176.5,78088.25,1483676.75,Ya
944,"Stop Kran 1"" Brass - 32mm",buah,1560438,156043.80000000002,78021.90000000001,1482416.1,Ya
38,"Bend All Flanged 90 drj 16"" CI - 400mm",buah,1560167,156016.7,78008.35,1482158.65,Ya
437,"Flange Spigot 16"" CI - 400mm",buah,1559346,155934.6,77967.3,1481378.7,Ya
125,"Bend All SC 11 1/4 drj 1"" PVC - 32mm",buah,1557913,155791.30000000002,77895.65000000001,1480017.35,Ya
737,"Pipa S-4 (PN-12) - 6 meter 4"" HDPE - 110mm",meter,1557848,155784.80000000002,77892.40000000001,1479955.6,Ya
297,"Dop Topi 6"" GI - -",buah,1556912,155691.2,77845.6,1479066.4,Ya
859,"Socket All SC 3/4"" PVC - 25mm",buah,1555679,155567.9,77783.95,1477895.05,Ya
429,"Flange Spigot 3"" PVC - 90mm",buah,1553650,155365.0,77682.5,1475967.5,Ya
92,"Atap Kran 3/4"" CI - 25mm",buah,1553318,155331.80000000002,77665.90000000001,1475652.1,Ya
217,"Butterfly Valve Flanged with Gear 14"" CI - 350mm",buah,1551682,155168.2,77584.1,1474097.9,Ya
1000,"Tee RR + SC 4"" x 1/2"" PVC - 110 X 20mm",buah,1548355,154835.5,77417.75,1470937.25,Ya
256,"Clamp Sadle 2"" x 5/8"" PVC - 63 X 16mm",buah,1547747,154774.7,77387.35,1470359.65,Ya
729,"Pipa S-4 (PN-12) - 100 meter 1 1/4"" HDPE - 40mm",meter,1547699,154769.9,77384.95,1470314.05,Ya
199,Box WM + (kunci dan plat) - Steel - -,buah,1545034,154503.4,77251.7,1467782.3,Ya
412,"Reducer RR + Spigot 3 x 2 1/2"" PVC - 90 x 75mm",buah,1544521,154452.1,77226.05,1467294.95,Ya
294,"Disket HD 3 1/2"" 3 1/2"" Plastik Sony -",box,1543333,154333.30000000002,77166.65000000001,1466166.35,Ya
550,"Kertas Continue Form 3 ply polos 1000 set 9 1/2 x 11"" Kertas - -",box,1538198,153819.80000000002,76909.90000000001,1461288.1,Ya
915,"Repair Socket 16"" PVC - 400mm",buah,1537612,153761.2,76880.6,1460731.4,Ya
850,"Socket All RR 8"" PVC - 200mm",buah,1537283,153728.30000000002,76864.15000000001,1460418.85,Ya
179,"Bend All SC 22 1/2 drj 1 1/2"" PVC - 50mm",buah,1535018,153501.80000000002,76750.90000000001,1458267.1,Ya
259,"Clamp Sadle 2"" x 1"" PVC - 63 X 32mm",buah,1534153,153415.30000000002,76707.65000000001,1457445.35,Ya
59,"Tee All Flanged 3"" x 3"" CI - 80 x 80mm",buah,1533171,153317.1,76658.55,1456512.45,Ya
166,"Bend All RR 90 drj S-12,5 24"" PVC - 630mm",buah,1532598,153259.80000000002,76629.90000000001,1455968.1,Ya
338,"Elbow 1 1/4"" GI - 40mm",buah,1530939,153093.9,76546.95,1454392.05,Ya
376,"Flange Adaptor RRJ 12"" PVC - 315mm",buah,1529459,152945.9,76472.95,1452986.05,Ya
690,"Pipa S-10 RR - 6 meter 16"" PVC - 400mm",meter,1527634,152763.4,76381.7,1451252.3,Ya
175,"Bend All RR 22 1/2 drj S-12,5 6"" PVC - 160mm",buah,1527592,152759.2,76379.6,1451212.4,Ya
247,"Clamp Sadle 8"" x 4"" PVC - 200 X 110mm",buah,1526191,152619.1,76309.55,1449881.45,Ya
590,"Knee 1 1/4"" PVC - 40mm",buah,1526016,152601.6,76300.8,1449715.2,Ya
781,"Pipa S-8 (PN-6) - 6 meter 8"" HDPE - 200mm",meter,1525951,152595.1,76297.55,1449653.45,Ya
772,"Pipa S-8 (PN-6) - 250 meter 3/4"" HDPE - 25mm",meter,1524858,152485.80000000002,76242.90000000001,1448615.1,Ya
236,"Clamp Sadle 6"" x 1/2"" CI - 150 x 20mm",buah,1523566,152356.6,76178.3,1447387.7,Ya
638,Penghapus - Kain - -,buah,1523448,152344.80000000002,76172.40000000001,1447275.6,Ya
374,"Flange Adaptor RRJ 3/4"" PVC - 25mm",buah,1522960,152296.0,76148.0,1446812.0,Ya
946,"Stop Kran 2 1/2"" Brass - 65mm",buah,1521998,152199.80000000002,76099.90000000001,1445898.1,Ya
488,"Gate Valve Flanged Flat Body 14"" CI - 350mm",buah,1517648,151764.80000000002,75882.40000000001,1441765.6,Ya
602,"Knee 2"" GI - 50mm",buah,1507258,150725.80000000002,75362.90000000001,1431895.1,Ya
349,"Elbow with Threaded male off take 1"" x 1"" HDPE - 32 x 32mm",buah,1506576,150657.6,75328.8,1431247.2,Ya
681,Pipa S-10 RR - 6 meter - PVC - 125mm,meter,1506473,150647.30000000002,75323.65000000001,1431149.35,Ya
397,"Flange 8"" CI - 200mm",buah,1503716,150371.6,75185.8,1428530.2,Ya
84,"Tee All Flanged 14"" x 12"" CI - 350 x 300mm",buah,1502841,150284.1,75142.05,1427698.95,Ya
670,"Pipa S-10 MOF - 6 meter 3/4"" PVC - 25mm",meter,1500275,150027.5,75013.75,1425261.25,Ya
34,"Bend All Flanged 90 drj 8"" CI - 200mm",buah,1499995,149999.5,74999.75,1424995.25,Ya
287,Corection mesin tik Elektrik - Plastik Brother -,buah,1498530,149853.0,74926.5,1423603.5,Ya
926,"Rubbering 10"" Karet/Ruber - 250mm",buah,1498306,149830.6,74915.3,1423390.7,Ya
721,"Pipa S-12,5 RR - 6 meter 16"" PVC - 400mm",meter,1497442,149744.2,74872.1,1422569.9,Ya
691,"Pipa S-10 RR - 6 meter 20"" PVC - 500mm",meter,1495662,149566.2,74783.1,1420878.9,Ya
845,"Reducer All RR 6"" x 2 1/2"" PVC - 160 X 75mm",buah,1494983,149498.30000000002,74749.15000000001,1420233.85,Ya
174,"Bend All RR 11 1/4 drj S-12,5 3"" PVC - 90mm",buah,1492984,149298.4,74649.2,1418334.8,Ya
815,"Reducer All Flange 16"" x 6"" CI - 400 x 150mm",buah,1491856,149185.6,74592.8,1417263.2,Ya
663,Pipa S-10 MOF - 6 meter - PVC - 125mm,meter,1489141,148914.1,74457.05,1414683.95,Ya
939,Spidol Besar Snowman - Plastik - -,buah,1488548,148854.80000000002,74427.40000000001,1414120.6,Ya
993,"Tee RR + SC 2 1/2"" x 3/4"" PVC - 75 X 25mm",buah,1481470,148147.0,74073.5,1407396.5,Ya
47,"Tee All Flanged 14"" x 8"" CI - 350 x 200mm",buah,1481078,148107.80000000002,74053.90000000001,1407024.1,Ya
486,"Gate Valve Flanged Flat Body 10"" CI - 250mm",buah,1480000,148000.0,74000.0,1406000.0,Ya
522,Kapur - Powder - -,kilogram,1479272,147927.2,73963.6,1405308.4,Ya
484,"Gate Valve Flanged Flat Body 6"" CI - 150mm",buah,1478812,147881.2,73940.6,1404871.4,Ya
525,Kartu Meter Langganan - Karton - -,lembar,1477069,147706.9,73853.45,1403215.55,Ya
455,Form Surat Perintah Kerja Pemasangan Instalasi - Kertas - -,buku,1476094,147609.4,73804.7,1402289.3,Ya
610,Lubricant (Kaleng)-Cair/Liquid - Cair - -,buah,1475985,147598.5,73799.25,1402185.75,Ya
654,"Pipa Medium - 6 meter 3/4"" GI - 25mm",meter,1475307,147530.7,73765.35,1401541.65,Ya
713,"Pipa S-12,5 RR - 6 meter 4"" PVC - 110mm",meter,1473126,147312.6,73656.3,1399469.7,Ya
470,"Foucet Socket 3"" PVC - 90mm",buah,1471265,147126.5,73563.25,1397701.75,Ya
32,"Bend All Flanged 90 drj 4"" CI - 100mm",buah,1465606,146560.6,73280.3,1392325.7,Ya
904,"Repair Socket 6"" PVC - 160mm",buah,1465358,146535.80000000002,73267.90000000001,1392090.1,Ya
667,"Pipa S-10 MOF - 6 meter 1/2"" PVC - 20mm",meter,1465338,146533.80000000002,73266.90000000001,1392071.1,Ya
300,"Dop Topi 3/4"" GI - -",buah,1462749,146274.9,73137.45,1389611.55,Ya
582,Kertas Struk PDE - Kertas - 58 x 48 x 12mm,roll,1459589,145958.9,72979.45,1386609.55,Ya
900,"Loose Flange 14"" CI - 350mm",buah,1455847,145584.7,72792.35,1383054.65,Ya
281,"Clamp Sadle With Ferrule 1 X 3/8"" PVC - 32 x 15mm",buah,1455368,145536.80000000002,72768.40000000001,1382599.6,Ya
829,"Reducer Coupling 1"" x 3/4"" HDPE - 32 x 25mm",buah,1452263,145226.30000000002,72613.15000000001,1379649.85,Ya
742,"Pipa S-4 (PN-12) - 6 meter 8"" HDPE - 200mm",meter,1444320,144432.0,72216.0,1372104.0,Ya
1,AgNO3 - Powder - -,gram,1444120,144412.0,72206.0,1371914.0,Ya
489,"Gate Valve Flanged Flat Body 16"" CI - 400mm",buah,1442898,144289.80000000002,72144.90000000001,1370753.1,Ya
903,"Repair Socket 4"" PVC - 110mm",buah,1442009,144200.9,72100.45,1369908.55,Ya
567,Kertas HVS 70 gram A4 - Kertas - -,rim,1440727,144072.7,72036.35,1368690.65,Ya
890,"Reducer RR + SC 3"" x 3/4"" PVC - 90 X 25mm",buah,1439960,143996.0,71998.0,1367962.0,Ya
994,"Tee RR + SC 2 1/2"" x 1"" PVC - 75 X 32mm",buah,1439719,143971.9,71985.95,1367733.05,Ya
308,Dop/Cup RR - PVC - 225mm,buah,1439568,143956.80000000002,71978.40000000001,1367589.6,Ya
908,"Repair Socket 3/4"" PVC - 25mm",buah,1439224,143922.4,71961.2,1367262.8,Ya
371,Flange Adaptor RRJ 6 PVC - 160mm,buah,1438897,143889.7,71944.85,1366952.15,Ya
53,"Tee All Flanged 16"" x 3"" CI - 400 x 80mm",buah,1437410,143741.0,71870.5,1365539.5,Ya
152,"Bend All RR 45 drj S-12,5 14"" PVC - 355mm",buah,1431317,143131.7,71565.85,1359751.15,Ya
666,"Pipa S-10 MOF - 6 meter 6"" PVC - 160mm",meter,1430777,143077.7,71538.85,1359238.15,Ya
459,"Foucet Knee 1/2"" PVC - 20mm",buah,1430421,143042.1,71521.05,1358899.95,Ya
531,"Kertas Continue Form 1 ply bergaris 2000 set 14 7/8 x 11"" Kertas - -",box,1429099,142909.9,71454.95,1357644.05,Ya
913,"Repair Socket 14"" PVC - 355mm",buah,1427162,142716.2,71358.1,1355803.9,Ya
367,"Flange Socket RR 2"" PVC - 63mm",buah,1422965,142296.5,71148.25,1351816.75,Ya
882,"Socket All RR 2"" PVC - 63mm",buah,1421964,142196.4,71098.2,1350865.8,Ya
762,Pipa S-5 (PN-10) - 6 meter - HDPE - 225mm,meter,1421923,142192.30000000002,71096.15000000001,1350826.85,Ya
416,Flange Spigot - PVC - 325mm,buah,1421515,142151.5,71075.75,1350439.25,Ya
738,"Pipa S-4 (PN-12) - 6 meter 5"" HDPE - 125mm",meter,1412895,141289.5,70644.75,1342250.25,Ya
843,"Reducer RR + SC 6"" x 1 1/2"" PVC - 160 X 50mm",buah,1411660,141166.0,70583.0,1341077.0,Ya
947,"Stop Kran 2"" Brass - 50mm",buah,1411301,141130.1,70565.05,1340735.95,Ya
536,"Kertas Continue Form 1 ply polos logo 1000 set 14 7/8 x 11"" Kertas - -",box,1409974,140997.4,70498.7,1339475.3,Ya
722,"Pipa S-12,5 RR - 6 meter 18"" PVC - 450mm",meter,1409498,140949.80000000002,70474.90000000001,1339023.1,Ya
564,Kertas HVS 60 gram A4 - Kertas - -,rim,1409360,140936.0,70468.0,1338892.0,Ya
584,KMnO4 - Powder - -,gram,1407221,140722.1,70361.05,1336859.95,Ya
330,Double Tipe Kecil - Plastik - -,buah,1401865,140186.5,70093.25,1331771.75,Ya
983,"Tee All SC 1"" x 1/2"" PVC - 32 X 20mm",buah,1401008,140100.80000000002,70050.40000000001,1330957.6,Ya
545,"Kertas Continue Form 2 ply polos logo 1000 set 9 1/2 x 11"" Kertas - -",box,1399772,139977.2,69988.6,1329783.4,Ya
513,HgSO4 - Powder - -,gram,1397523,139752.30000000002,69876.15000000001,1327646.85,Ya
879,"Reducer RR + SC 2"" x 3/4"" PVC - 63 X 25mm",buah,1393120,139312.0,69656.0,1323464.0,Ya
390,"Flange Buta 10"" CI - 250mm",buah,1391339,139133.9,69566.95,1321772.05,Ya
518,Isi Hekter Kecil No.10 - Steel - -,dus,1389860,138986.0,69493.0,1320367.0,Ya
604,"Knee 3"" GI - 80mm",buah,1388993,138899.30000000002,69449.65000000001,1319543.35,Ya
791,Pita Mesin Tik Elektik Brother - Kain - -,buah,1385580,138558.0,69279.0,1316301.0,Ya
753,"Pipa S-5 (PN-10) - 250 meter 1"" HDPE - 32mm",meter,1384029,138402.9,69201.45,1314827.55,Ya
614,"Male Threaded Adaptor 1"" x 1"" HDPE - 32 x 32mm",buah,1382036,138203.6,69101.8,1312934.2,Ya
539,"Kertas Continue Form 2 ply bergaris 1000 set 8 1/2 x 11"" Kertas - -",box,1378973,137897.30000000002,68948.65000000001,1310024.35,Ya
712,"Pipa S-12,5 MOF -6 meter 3"" PVC - 90mm",meter,1378024,137802.4,68901.2,1309122.8,Ya
749,"Pipa S-5 (PN-10) - 100 meter 2"" HDPE - 63mm",meter,1377556,137755.6,68877.8,1308678.2,Ya
955,"Swing Chek Valve Flanged PN.10 10"" CI - 250mm",buah,1377056,137705.6,68852.8,1308203.2,Ya
823,"Reducer All Flange 8"" x 2"" CI - 200 x 50mm",buah,1376759,137675.9,68837.95,1307921.05,Ya
825,"Reducer All Flange 8"" x 4"" CI - 200 x 100mm",buah,1373626,137362.6,68681.3,1304944.7,Ya
40,"Tee All Flanged 12"" x 10"" CI - 300 x 250mm",buah,1371945,137194.5,68597.25,1303347.75,Ya
780,Pipa S-8 (PN-6) - 6 meter - HDPE - 180mm,meter,1370176,137017.6,68508.8,1301667.2,Ya
436,"Flange Spigot 14"" CI - 350mm",buah,1360431,136043.1,68021.55,1292409.45,Ya
933,"Rubbering 6"" Karet/Ruber - 160mm",buah,1358705,135870.5,67935.25,1290769.75,Ya
875,"Reducer All SC 1 1/2"" x 3/4"" PVC - 50 X 25mm",buah,1356300,135630.0,67815.0,1288485.0,Ya
70,"Tee All Flanged 8"" x 6"" CI - 200 x 150mm",buah,1355900,135590.0,67795.0,1288105.0,Ya
520,Kantong Meter Langganan - Plastik - -,buah,1355016,135501.6,67750.8,1287265.2,Ya
812,"Reducer All Flange 16"" x 10"" CI - 400 x 250mm",buah,1354197,135419.7,67709.85,1286487.15,Ya
954,"Swing Chek Valve Flanged PN.10 8"" CI - 200mm",buah,1353927,135392.7,67696.35,1286230.65,Ya
482,"Gate Valve Flanged Flat Body 4"" CI - 100mm",buah,1353808,135380.80000000002,67690.40000000001,1286117.6,Ya
931,"Rubbering 3"" Karet/Ruber - 90mm",buah,1351127,135112.7,67556.35,1283570.65,Ya
706,"Pipa S-12,5 MOF -6 meter 12"" PVC - 315mm",meter,1349545,134954.5,67477.25,1282067.75,Ya
207,Buku Agenda folio / 100 lembar - Kertas - -,buah,1348980,134898.0,67449.0,1281531.0,Ya
468,"Foucet Socket 2"" PVC - 63mm",buah,1345249,134524.9,67262.45,1277986.55,Ya
370,Flange Adaptor RRJ 4 PVC - 110mm,buah,1344734,134473.4,67236.7,1277497.3,Ya
869,"Socket All SC 1"" PVC - 32mm",buah,1344348,134434.80000000002,67217.40000000001,1277130.6,Ya
261,"Clamp Sadle 2 1/2"" x 5/8"" PVC - 75 X 16mm",buah,1343944,134394.4,67197.2,1276746.8,Ya
617,Map Kertas SneiHekter - Karton - -,buah,1340026,134002.6,67001.3,1273024.7,Ya
77,"Tee All Flanged 10"" x 4"" CI - 250 x 100mm",buah,1339474,133947.4,66973.7,1272500.3,Ya
25,"Bend All Flanged 45 drj 14"" CI - 350mm",buah,1338320,133832.0,66916.0,1271404.0,Ya
98,"Automatic Double Air Relief Batterfly Valve Flanged 2"" CI - 50mm",buah,1337926,133792.6,66896.3,1271029.7,Ya
58,"Tee All Flanged 3"" x 2"" CI - 80 x 50mm",buah,1333018,133301.80000000002,66650.90000000001,1266367.1,Ya
894,"Reducer All RR 3"" x 2 1/2"" PVC - 90 X 75mm",buah,1331088,133108.80000000002,66554.40000000001,1264533.6,Ya
519,Kalium Khromat - Powder - -,gram,1326015,132601.5,66300.75,1259714.25,Ya
971,"Tee All RR 6"" x 2"" PVC - 160 X 63mm",buah,1324733,132473.30000000002,66236.65000000001,1258496.35,Ya
289,"Coupling 1/2"" HDPE - 20 x 20mm",buah,1322777,132277.7,66138.85,1256638.15,Ya
126,"Bend All RR 11 1/4 drj S-12,5 14"" PVC - 355mm",buah,1322450,132245.0,66122.5,1256327.5,Ya
527,Kartu Pembayaran - Karton - -,lembar,1322386,132238.6,66119.3,1256266.7,Ya
831,"Reducer RR + SC 4"" x 1/2"" PVC - 110 X 20mm",buah,1318957,131895.7,65947.85,1253009.15,Ya
754,"Pipa S-5 (PN-10) - 50 meter 2 1/2"" HDPE - 75mm",meter,1318683,131868.30000000002,65934.15000000001,1252748.85,Ya
279,"Clamp Sadle 4"" x 1/2"" PVC - 110 X 20mm",buah,1317342,131734.2,65867.1,1251474.9,Ya
63,"Tee All Flanged 6"" x 2"" CI - 150 x 50mm",buah,1316181,131618.1,65809.05,1250371.95,Ya
111,"Ball Valve 3/4"" Brass - 25mm",buah,1312502,131250.2,65625.1,1246876.9,Ya
613,"Male Threaded Adaptor 3/4"" x 3/4"" HDPE - 25 x 25mm",buah,1309166,130916.6,65458.3,1243707.7,Ya
239,"Clamp Sadle 4"" x 1 1/2"" PVC - 110 X 50mm",buah,1304534,130453.4,65226.7,1239307.3,Ya
966,"Tee All SC 1"" x 5/8"" PVC - 32 X 16mm",buah,1301232,130123.2,65061.600000000006,1236170.4,Ya
530,Kertas buran (stensil)-Kertas-F4- - Kertas - -,rim,1301165,130116.5,65058.25,1236106.75,Ya
440,Form Anggaran Biaya Pemasangan Instalasi (ABI) F4 - Kertas - -,buku,1296119,129611.9,64805.95,1231313.05,Ya
989,"Tee RR + SC 2"" x 3/4 PVC - 63 X 25mm",buah,1295052,129505.2,64752.600000000006,1230299.4,Ya
88,Amplop Kabinet - Kertas - 110 x 220 mm,dus,1293414,129341.4,64670.7,1228743.3,Ya
970,"Tee RR + SC 6"" x 3/4"" PVC - 160 X 25mm",buah,1290971,129097.1,64548.55,1226422.45,Ya
198,Box Street Besar - CI - -,buah,1287823,128782.3,64391.15,1223431.85,Ya
925,Rubbering - Karet/Ruber - 225mm,buah,1287211,128721.1,64360.55,1222850.45,Ya
286,Corection mesin tik Elektrik - Plastik Sharp -,buah,1287024,128702.4,64351.2,1222672.8,Ya
253,"Clamp Sadle 1 1/2"" x 1/2 PVC - 50 X 20mm",buah,1286462,128646.2,64323.100000000006,1222138.9,Ya
96,"Automatic Double Air Relief Batterfly Valve Flanged 10"" CI - 250mm",buah,1286150,128615.0,64307.5,1221842.5,Ya
596,"Knee 3/4"" GI - 25mm",buah,1285220,128522.0,64261.0,1220959.0,Ya
802,"Reducer All Flange 12"" x 10"" CI - 300 x 250mm",buah,1283767,128376.7,64188.350000000006,1219578.65,Ya
934,"Rubbering 12"" Karet/Ruber - 315mm",buah,1282650,128265.0,64132.5,1218517.5,Ya
269,"Clamp Sadle 3"" x 1 1/2"" PVC - 90 X 50mm",buah,1276030,127603.0,63801.5,1212228.5,Ya
787,"Pipa S-8 (PN-6) - 6 meter 16"" HDPE - 400mm",meter,1273327,127332.7,63666.350000000006,1209660.65,Ya
383,"Flange Adaptor RRJ 2 1/2"" PVC - 75mm",buah,1272839,127283.9,63641.95,1209197.05,Ya
874,"Reducer All SC 1 1/2"" x 1/2"" PVC - 50 X 20mm",buah,1270974,127097.4,63548.7,1207425.3,Ya
857,"Reducer All RR 8"" x 3"" PVC - 200 X 90mm",buah,1270631,127063.1,63531.55,1207099.45,Ya
723,"Pipa S-12,5 RR - 6 meter 20"" PVC - 500mm",meter,1262293,126229.3,63114.65,1199178.35,Ya
741,Pipa S-4 (PN-12) - 6 meter - HDPE - 180mm,meter,1260417,126041.7,63020.850000000006,1197396.15,Ya
606,KSCN - Powder - -,gram,1259327,125932.7,62966.350000000006,1196360.65,Ya
118,"Bend All RR 11 1/4 drj S-12,5 4"" PVC - 110mm",buah,1256548,125654.8,62827.4,1193720.6,Ya
447,Form Jurnal Rekening Air (JRA) A3 - Kertas - -,buku,1256121,125612.1,62806.05,1193314.95,Ya
503,Giboult Joint Reducer - CI - 50 x 25mm,buah,1255731,125573.1,62786.55,1192944.45,Ya
745,Pipa S-4 (PN-12) - 6 meter - HDPE - 280mm,meter,1254750,125475.0,62737.5,1192012.5,Ya
548,"Kertas Continue Form 3 ply NCR polos 1000 set 9 1/2 x 11"" Kertas - -",box,1253321,125332.1,62666.05,1190654.95,Ya
343,"Elbow 90 drj 3/4"" HDPE - 25mm",buah,1251373,125137.3,62568.65,1188804.35,Ya
405,"Flange Spigot 6"" PVC - 160mm",buah,1249840,124984.0,62492.0,1187348.0,Ya
194,"Bend All RR 90 drj S-12,5 2 1/2"" PVC - 75mm",buah,1248436,124843.6,62421.8,1186014.2,Ya
220,"Butterfly Valve Wafer 1 1/2"" CI - 40mm",buah,1247028,124702.8,62351.4,1184676.6,Ya
765,"Pipa S-5 (PN-10) - 6 meter 12"" HDPE - 315mm",meter,1246585,124658.5,62329.25,1184255.75,Ya
120,"Bend All SC 11 1/4 drj 1/2"" PVC - 20mm",buah,1246251,124625.1,62312.55,1183938.45,Ya
322,"Double Neple 4"" GI - 100mm",buah,1245890,124589.0,62294.5,1183595.5,Ya
673,"Pipa S-10 MOF - 6 meter 1"" PVC - 32mm",meter,1244659,124465.9,62232.95,1182426.05,Ya
399,"Flange 12"" CI - 300mm",buah,1242599,124259.9,62129.95,1180469.05,Ya
686,"Pipa S-10 RR - 6 meter 10"" PVC - 250mm",meter,1242015,124201.5,62100.75,1179914.25,Ya
987,"Tee All SC 1 1/4"" x 1 1/4 PVC - 40 X 40mm",buah,1241094,124109.4,62054.7,1179039.3,Ya
138,"Bend All RR 22 1/2 drj S-12,5 16"" PVC - 400mm",buah,1238534,123853.4,61926.7,1176607.3,Ya
333,EBT - Powder - -,gram,1238287,123828.7,61914.350000000006,1176372.65,Ya
335,"Elbow 1/2"" GI - 20mm",buah,1236724,123672.4,61836.2,1174887.8,Ya
391,"Flange Buta 12"" CI - 300mm",buah,1223459,122345.9,61172.95,1162286.05,Ya
264,"Clamp Sadle 2 1/2"" x 1"" PVC - 75 X 32mm",buah,1222735,122273.5,61136.75,1161598.25,Ya
763,"Pipa S-5 (PN-10) - 6 meter 10"" HDPE - 250mm",meter,1220755,122075.5,61037.75,1159717.25,Ya
394,"Flange 2"" CI - 50mm",buah,1219021,121902.1,60951.05,1158069.95,Ya
339,"Elbow 2"" GI - 50mm",buah,1218464,121846.4,60923.2,1157540.8,Ya
218,"Butterfly Valve Flanged with Gear 16"" CI - 400mm",buah,1218225,121822.5,60911.25,1157313.75,Ya
953,"Swing Chek Valve Flanged PN.10 6"" CI - 150mm",buah,1217869,121786.9,60893.45,1156975.55,Ya
222,"Butterfly Valve Wafer 4"" CI - 100mm",buah,1217117,121711.7,60855.850000000006,1156261.15,Ya
410,"Reducer RR + Spigot 3 x 2"" PVC - 90 x 63mm",buah,1216511,121651.1,60825.55,1155685.45,Ya
976,"Tee All SC 3/4"" x 1/2"" PVC - 25 X 20mm",buah,1211440,121144.0,60572.0,1150868.0,Ya
441,Form Berita Acara Pemasangan Sambungan Baru F4 - Kertas - -,buku,1209617,120961.7,60480.850000000006,1149136.15,Ya
278,"Clamp Sadle 2"" x 1/2"" CI - 50 x 20mm",buah,1208074,120807.4,60403.7,1147670.3,Ya
568,Kertas HVS 70 gram folio F4 - Kertas - -,rim,1206440,120644.0,60322.0,1146118.0,Ya
551,"Kertas Continue Form 4 ply bergaris 500 set 14 7/8 x 11"" Kertas - -",box,1206121,120612.1,60306.05,1145814.95,Ya
886,"Reducer RR + SC 2 1/2"" x 1 1/2"" PVC - 75 X 50mm",buah,1205547,120554.7,60277.350000000006,1145269.65,Ya
428,"Flange Spigot 2 1/2"" PVC - 75mm",buah,1203621,120362.1,60181.05,1143439.95,Ya
492,"Gate Valve Flanged Flat Body 2 1/2"" CI - 65mm",buah,1203251,120325.1,60162.55,1143088.45,Ya
121,"Bend All SC 11 1/4 drj 3/4"" PVC - 25mm",buah,1203250,120325.0,60162.5,1143087.5,Ya
51,"Tee All Flanged 16"" x 16"" CI - 400 x 400mm",buah,1201309,120130.9,60065.45,1141243.55,Ya
29,"Bend All Flanged 45 drj 3"" CI - 80mm",buah,1201185,120118.5,60059.25,1141125.75,Ya
426,"Flange Spigot 24"" PVC - 630mm",buah,1199662,119966.2,59983.100000000006,1139678.9,Ya
110,"Ball Valve 3"" Brass - 80mm",buah,1194297,119429.7,59714.850000000006,1134582.15,Ya
511,HCl - Cair - -,kilogram,1187999,118799.9,59399.95,1128599.05,Ya
905,"Repair Socket 1/2"" PVC - 20mm",buah,1186322,118632.2,59316.100000000006,1127005.9,Ya
115,Bend All SC 22 1/2 drj 1 1/4 PVC - 40mm,buah,1186308,118630.8,59315.4,1126992.6,Ya
67,"Tee All Flanged 8"" x 2"" CI - 200 x 50mm",buah,1185998,118599.8,59299.9,1126698.1,Ya
635,Ortotoulidine - Cair - -,liter,1178556,117855.6,58927.8,1119628.2,Ya
975,"Tee All SC 3/4"" x 5/8"" PVC - 25 X 16mm",buah,1177971,117797.1,58898.55,1119072.45,Ya
128,"Bend All SC 11 1/4 drj 1 1/2"" PVC - 50mm",buah,1175304,117530.4,58765.2,1116538.8,Ya
499,"Giboult Joint for PVC 12"" CI - 300mm",buah,1174776,117477.6,58738.8,1116037.2,Ya
433,"Flange Spigot 8"" CI - 200mm",buah,1173795,117379.5,58689.75,1115105.25,Ya
277,"Clamp Sadle 6"" x 3/4"" CI - 150 x 25mm",buah,1172841,117284.1,58642.05,1114198.95,Ya
379,"Flange Adaptor RRJ 18"" PVC - 450mm",buah,1170955,117095.5,58547.75,1112407.25,Ya
202,Brom Kresol hijau - Powder - -,gram,1169952,116995.2,58497.600000000006,1111454.4,Ya
748,"Pipa S-5 (PN-10) - 100 meter 1 1/2"" HDPE - 50mm",meter,1169910,116991.0,58495.5,1111414.5,Ya
68,"Tee All Flanged 8"" x 3"" CI - 200 x 80mm",buah,1162899,116289.9,58144.95,1104754.05,Ya
44,"Tee All Flanged 14"" x 14"" CI - 350 x 350mm",buah,1159841,115984.1,57992.05,1101848.95,Ya
103,"Automatic Single Air Relief Batterfly Valve Flanged 8"" CI - 200mm",buah,1158895,115889.5,57944.75,1100950.25,Ya
225,"Butterfly Valve Wafer 10"" CI - 250mm",buah,1157972,115797.2,57898.600000000006,1100073.4,Ya
644,"Pipa 6"" Steel - 150mm",meter,1156632,115663.2,57831.600000000006,1098800.4,Ya
56,"Tee All Flanged 16"" x 8"" CI - 400 x 200mm",buah,1153735,115373.5,57686.75,1096048.25,Ya
148,"Bend All SC 45 drj 3/4"" PVC - 25mm",buah,1152014,115201.4,57600.7,1094413.3,Ya
769,"Pipa S-8 (PN-6) - 100 meter 1-1/2"" HDPE - 50mm",meter,1150196,115019.6,57509.8,1092686.2,Ya
204,Buffer Solution pH 10 - Cair - -,liter,1146328,114632.8,57316.4,1089011.6,Ya
632,Odner Kertas Besar - Karton - -,buah,1144764,114476.4,57238.2,1087525.8,Ya
133,"Bend All RR 22 1/2 drj S-12,5 8"" PVC - 200mm",buah,1144587,114458.7,57229.350000000006,1087357.65,Ya
868,"Reducer All SC 1"" x 3/4"" PVC - 32 X 25mm",buah,1144282,114428.2,57214.100000000006,1087067.9,Ya
318,"Dop/Cup RR 4"" PVC - 110mm",buah,1143827,114382.7,57191.350000000006,1086635.65,Ya
443,Form Buku Pembayaran F4 - Kertas - -,buku,1140669,114066.9,57033.45,1083635.55,Ya
82,"Tee All Flanged 12"" x 4"" CI - 300 x 100mm",buah,1139558,113955.8,56977.9,1082580.1,Ya
703,"Pipa S-12,5 MOF -6 meter 3/4"" PVC - 25mm",meter,1139400,113940.0,56970.0,1082430.0,Ya
337,"Elbow 1"" GI - 32mm",buah,1139300,113930.0,56965.0,1082335.0,Ya
151,"Bend All SC 45 drj 1"" PVC - 32mm",buah,1128403,112840.3,56420.15,1071982.85,Ya
579,Kertas Light Drught A0 - Kertas - -,roll,1125685,112568.5,56284.25,1069400.75,Ya
657,"Pipa Medium - 6 meter 1 1/2"" GI - 40mm",meter,1125664,112566.4,56283.2,1069380.8,Ya
575,Kertas Jilid (Cover) Acasia A4 - Kertas - -,lembar,1124530,112453.0,56226.5,1068303.5,Ya
542,"Kertas Continue Form 2 ply polos 1000 set 14 7/8 x 11"" Kertas - -",box,1123009,112300.9,56150.45,1066858.55,Ya
348,"Elbow with Threaded male off take 3/4"" x 3/4"" HDPE - 25 x 25mm",buah,1120088,112008.8,56004.4,1064083.6,Ya
643,"Pipa 14"" ACP - 350mm",meter,1118648,111864.8,55932.4,1062715.6,Ya
836,"Reducer All RR 4"" x 2 1/2"" PVC - 110 X 75mm",buah,1116194,111619.4,55809.7,1060384.3,Ya
629,NH4 S2O8 - Powder - -,kilogram,1114592,111459.2,55729.600000000006,1058862.4,Ya
824,"Reducer All Flange 8"" x 3"" CI - 200 x 80mm",buah,1114036,111403.6,55701.8,1058334.2,Ya
912,"Repair Socket 1"" PVC - 32mm",buah,1111086,111108.6,55554.3,1055531.7,Ya
991,"Tee RR + SC 2"" x 1 1/2"" PVC - 63 X 50mm",buah,1108330,110833.0,55416.5,1052913.5,Ya
46,"Tee All Flanged 14"" x 6"" CI - 350 x 150mm",buah,1107093,110709.3,55354.65,1051738.35,Ya
282,Clip Trigonal - Steel - -,dus,1101919,110191.9,55095.95,1046823.05,Ya
262,"Clamp Sadle 2 1/2"" x 1/2"" PVC - 75 X 20mm",buah,1100622,110062.2,55031.100000000006,1045590.9,Ya
201,Br2 - Cair - -,liter,1100563,110056.3,55028.15,1045534.85,Ya
641,"Pipa 10"" ACP - 250mm",meter,1097962,109796.2,54898.100000000006,1043063.9,Ya
827,"Reducer Coupling 3/4"" x 1/2"" HDPE - 25 x 20mm",buah,1097365,109736.5,54868.25,1042496.75,Ya
303,"Dop Plugh 2"" GI - 50mm",buah,1092622,109262.2,54631.100000000006,1037990.9,Ya
916,"Repair Socket 18"" PVC - 450mm",buah,1089808,108980.8,54490.4,1035317.6,Ya
714,"Pipa S-12,5 RR - 6 meter 6"" PVC - 160mm",meter,1086645,108664.5,54332.25,1032312.75,Ya
937,Sodium Hypocloride - Cair - -,kilogram,1084063,108406.3,54203.15,1029859.85,Ya
811,"Reducer All Flange 14"" x 8"" CI - 350 x 200mm",buah,1079941,107994.1,53997.05,1025943.95,Ya
2,"Bend All Flanged 11.25 drj 4"" CI - 100mm",buah,1079155,107915.5,53957.75,1025197.25,Ya
653,"Pipa Medium - 6 meter 1/2"" GI - 20mm",meter,1076708,107670.8,53835.4,1022872.6,Ya
914,"Repair Socket 1 1/4"" PVC - 40mm",buah,1073492,107349.2,53674.600000000006,1019817.4,Ya
142,"Bend All RR 22 1/2 drj S-12,5 2 1/2"" PVC - 75mm",buah,1071854,107185.4,53592.7,1018261.3,Ya
785,"Pipa S-8 (PN-6) - 6 meter 12"" HDPE - 315mm",meter,1071623,107162.3,53581.15,1018041.85,Ya
57,"Tee All Flanged 2"" x 2"" CI - 50 x 50mm",buah,1070896,107089.6,53544.8,1017351.2,Ya
594,"Knee 3"" PVC - 90mm",buah,1067616,106761.6,53380.8,1014235.2,Ya
517,Isi Hekter Besar No.3 - Steel - -,dus,1066808,106680.8,53340.4,1013467.6,Ya
627,NaOH - Powder - -,gram,1064991,106499.1,53249.55,1011741.45,Ya
315,"Dop/Cup RR 2"" PVC - 63mm",buah,1064591,106459.1,53229.55,1011361.45,Ya
671,"Pipa S-10 MOF - 6 meter 10"" PVC - 250mm",meter,1059554,105955.4,52977.7,1006576.3,Ya
872,"Reducer All SC 1 1/4"" x 1"" PVC - 40 X 32mm",buah,1056736,105673.6,52836.8,1003899.2,Ya
8,"Bend All Flanged 11.25 drj 16"" CI - 400mm",buah,1056119,105611.9,52805.95,1003313.05,Ya
835,"Reducer All RR 4"" x 2"" PVC - 110 X 63mm",buah,1046102,104610.2,52305.100000000006,993796.9,Ya
964,"Tee All RR 10"" x 10"" PVC - 250 x 250mm",buah,1044298,104429.8,52214.9,992083.1,Ya
876,"Reducer All SC 1 1/2"" x 1"" PVC - 50 X 32mm",buah,1040445,104044.5,52022.25,988422.75,Ya
355,Equal Tee - HDPE - 25 x 25mm,buah,1039272,103927.2,51963.600000000006,987308.4,Ya
453,Form SPK Opname - Kertas - -,buku,1035587,103558.7,51779.350000000006,983807.65,Ya
33,"Bend All Flanged 90 drj 6"" CI - 150mm",buah,1035416,103541.6,51770.8,983645.2,Ya
543,"Kertas Continue Form 2 ply polos 1000 set 9 1/2 x 11"" Kertas - -",box,1034193,103419.3,51709.65,982483.35,Ya
792,Pita Mesin Tik Elektik Sharp - Kain - -,buah,1033461,103346.1,51673.05,981787.95,Ya
574,Kertas HVS 80 gram quarto Q - Kertas - -,rim,1032527,103252.7,51626.350000000006,980900.65,Ya
943,Stabilo Boss - Plastik - -,buah,1026756,102675.6,51337.8,975418.2,Ya
213,Buku Kwitansi SPL - Kertas - -,buah,1026234,102623.4,51311.7,974922.3,Ya
538,"Kertas Continue Form 2 ply bergaris 1000 set 14 7/8 x 11"" Kertas - -",box,1021645,102164.5,51082.25,970562.75,Ya
398,"Flange 10"" CI - 250mm",buah,1018454,101845.4,50922.7,967531.3,Ya
534,"Kertas Continue Form 1 ply polos 1000 set 14 7/8 x 11"" Kertas - -",box,1017447,101744.7,50872.350000000006,966574.65,Ya
422,"Reducer RR + Spigot 6 x 3"" PVC - 160 x 90mm",buah,1016665,101666.5,50833.25,965831.75,Ya
249,"Clamp Sadle 8"" x 3/4"" PVC - 200 X 25mm",buah,1013476,101347.6,50673.8,962802.2,Ya
734,"Pipa S-4 (PN-12) - 250 meter 1"" HDPE - 32mm",meter,1012038,101203.8,50601.9,961436.1,Ya
897,"Fit Kran 3/4"" Brass - 20mm",buah,1009847,100984.7,50492.350000000006,959354.65,Ya
626,NaCl - Powder - -,gram,1008174,100817.4,50408.7,957765.3,Ya
413,Flange Spigot - PVC - 280mm,buah,1007479,100747.9,50373.95,957105.05,Ya
777,"Pipa S-8 (PN-6) - 6 meter 5"" HDPE - 125mm",meter,1004680,100468.0,50234.0,954446.0,Ya
720,"Pipa S-12,5 RR - 6 meter 14"" PVC - 355mm",meter,1000694,100069.4,50034.7,950659.3,Ya
509,H2SO4 - Cair - -,liter,996994,99699.4,49849.7,947144.3,Ya
314,"Dop/Cup SC 1 1/2"" PVC - 50mm",buah,996957,99695.7,49847.850000000006,947109.15,Ya
963,"Tee All RR 4"" x 4"" PVC - 110 x 110mm",buah,994566,99456.6,49728.3,944837.7,Ya
731,"Pipa S-4 (PN-12) - 100 meter 2"" HDPE - 63mm",meter,988187,98818.7,49409.350000000006,938777.65,Ya
932,"Rubbering 4"" Karet/Ruber - 110mm",buah,986662,98666.2,49333.100000000006,937328.9,Ya
86,Alummunium Sulfate - Powder - -,Kg,984370,98437.0,49218.5,935151.5,Ya
119,"Bend All RR 11 1/4 drj S-12,5 6"" PVC - 160mm",buah,977340,97734.0,48867.0,928473.0,Ya
898,"Fit Kran 1"" Brass - 25mm",buah,975112,97511.2,48755.600000000006,926356.4,Ya
790,Pita Mesin Tik - Kain Daito -,buah,972773,97277.3,48638.65,924134.35,Ya
730,"Pipa S-4 (PN-12) - 100 meter 1 1/2"" HDPE - 50mm",meter,972436,97243.6,48621.8,923814.2,Ya
4,"Bend All Flanged 11.25 drj 8"" CI - 200mm",buah,971544,97154.4,48577.2,922966.8,Ya
324,"Double Neple 1 1/4"" GI - 40mm",buah,969309,96930.9,48465.45,920843.55,Ya
919,"Repair Socket 2"" PVC - 63mm",buah,968114,96811.4,48405.7,919708.3,Ya
480,"Gate Valve PN.10 6"" CI - 150mm",buah,967839,96783.9,48391.95,919447.05,Ya
597,"Knee 1"" GI - 32mm",buah,965801,96580.1,48290.05,917510.95,Ya
668,"Pipa S-10 MOF - 6 meter 8"" PVC - 200mm",meter,964683,96468.3,48234.15,916448.85,Ya
465,"Foucet Socket 1"" PVC - 32mm",buah,964194,96419.4,48209.7,915984.3,Ya
979,"Tee All RR 10"" x 6"" PVC - 250 X 160mm",buah,963228,96322.8,48161.4,915066.6,Ya
149,"Bend All RR 45 drj S-12,5 10"" PVC - 250mm",buah,960071,96007.1,48003.55,912067.45,Ya
828,"Reducer Coupling 1"" x 1/2"" HDPE - 32 x 20mm",buah,959065,95906.5,47953.25,911111.75,Ya
609,Lem 1000 gr - Plastik - -,kaleng,958955,95895.5,47947.75,911007.25,Ya
189,"Bend All RR 90 drj S-12,5 - PVC - 225mm",buah,956958,95695.8,47847.9,909110.1,Ya
768,"Pipa S-8 (PN-6) - 100 meter 1-1/4"" HDPE - 40mm",meter,956706,95670.6,47835.3,908870.7,Ya
378,"Flange Adaptor RRJ 16"" PVC - 400mm",buah,955562,95556.2,47778.100000000006,907783.9,Ya
483,"Gate Valve Flanged Flat Body 5"" CI - 125mm",buah,955069,95506.9,47753.45,907315.55,Ya
896,"Fit Kran 1/2"" Brass - 15mm",buah,954982,95498.2,47749.100000000006,907232.9,Ya
157,"Bend All RR 90 drj S-12,5 6"" PVC - 160mm",buah,951164,95116.4,47558.2,903605.8,Ya
28,"Bend All Flanged 45 drj 2"" CI - 50mm",buah,950308,95030.8,47515.4,902792.6,Ya
254,"Clamp Sadle 1 1/2"" x 3/4"" PVC - 50 X 25mm",buah,949107,94910.7,47455.350000000006,901651.65,Ya
341,"Elbow 3"" GI - 80mm",buah,948003,94800.3,47400.15,900602.85,Ya
822,"Reducer All Flange 6"" x 4"" CI - 150 x 100mm",buah,947703,94770.3,47385.15,900317.85,Ya
187,"Bend All RR 45 drj S-12,5 2 1/2"" PVC - 75mm",buah,947045,94704.5,47352.25,899692.75,Ya
356,Equal Tee - HDPE - 32 x 32mm,buah,946736,94673.6,47336.8,899399.2000000001,Ya
346,"Elbow with Threaded female off take 3/4"" x 3/4"" HDPE - 25 x 25mm",buah,946632,94663.2,47331.600000000006,899300.4,Ya
169,"Bend All RR 11 1/4 drj S-12,5 - PVC - 225mm",buah,946039,94603.9,47301.95,898737.0499999999,Ya
406,"Reducer RR + Spigot 2 1/2 x 2"" PVC - 75 x 63mm",buah,944286,94428.6,47214.3,897071.7000000001,Ya
305,"Dop/Cup RR 6"" PVC - 160mm",buah,935623,93562.3,46781.15,888841.85,Ya
466,"Foucet Socket 1 1/4"" PVC - 40mm",buah,932694,93269.4,46634.7,886059.2999999999,Ya
55,"Tee All Flanged 16"" x 6"" CI - 400 x 150mm",buah,932675,93267.5,46633.75,886041.25,Ya
130,"Bend All RR 11 1/4 drj S-12,5 2"" PVC - 63mm",buah,926153,92615.3,46307.65,879845.35,Ya
528,Kartu Realisasi Anggaran - Karton - -,lembar,925414,92541.4,46270.7,879143.2999999999,Ya
11,"Bend All Flanged 22.5 drj 4"" CI - 100mm",buah,924350,92435.0,46217.5,878132.5,Ya
587,"Knee 1/2"" PVC - 20mm",buah,923419,92341.9,46170.95,877248.0499999999,Ya
996,"Tee All RR 2 1/2"" x 2"" PVC - 75 X 63mm",buah,920460,92046.0,46023.0,874437.0,Ya
909,"Repair Socket 10"" PVC - 250mm",buah,920261,92026.1,46013.05,874247.9500000001,Ya
14,"Bend All Flanged 22.5 drj 10"" CI - 250mm",buah,918380,91838.0,45919.0,872461.0,Ya
883,"Reducer RR + SC 2 1/2"" x 1/2"" PVC - 75 X 20mm",buah,917244,91724.4,45862.2,871381.7999999999,Ya
608,Lem 500 ml - Plastik - -,kaleng,910652,91065.2,45532.600000000006,865119.4,Ya
689,"Pipa S-10 RR - 6 meter 14"" PVC - 355mm",meter,907078,90707.8,45353.9,861724.1,Ya
659,"Pipa Medium - 6 meter 2 1/2"" GI - 65mm",meter,904652,90465.2,45232.600000000006,859419.4,Ya
19,"Bend All Flanged 22.5 drj 3"" CI - 80mm",buah,903799,90379.9,45189.95,858609.0499999999,Ya
354,Equal Tee - HDPE - 20 x 20mm,buah,903736,90373.6,45186.8,858549.2000000001,Ya
704,"Pipa S-12,5 MOF -6 meter 10"" PVC - 250mm",meter,897705,89770.5,44885.25,852819.75,Ya
411,"Flange Spigot 10"" PVC - 250mm",buah,897315,89731.5,44865.75,852449.25,Ya
299,"Dop Topi 1/2"" GI - -",buah,897256,89725.6,44862.8,852393.2000000001,Ya
60,"Tee All Flanged 4"" x 2"" CI - 100 x 50mm",buah,895373,89537.3,44768.65,850604.35,Ya
456,Form Surat Permohonan Langganan F4 - Kertas - -,buku,890308,89030.8,44515.4,845792.6,Ya
830,"Reducer All RR 4"" x 4"" PVC - 110 X 110mm",buah,888097,88809.70000000001,44404.850000000006,843692.15,Ya
512,HgI2 - Powder - -,gram,885936,88593.6,44296.8,841639.2000000001,Ya
569,Kertas HVS 70 gram quarto Q - Kertas - -,rim,883081,88308.1,44154.05,838926.9500000001,Ya
688,"Pipa S-10 RR - 6 meter 12"" PVC - 315mm",meter,880945,88094.5,44047.25,836897.75,Ya
273,"Clamp Sadle 4"" x 1"" CI - 100 x 32mm",buah,880144,88014.40000000001,44007.2,836136.7999999999,Ya
229,"Butterfly Valve Wafer 20"" CI - 500mm",buah,880108,88010.8,44005.4,836102.6,Ya
228,"Butterfly Valve Wafer 16"" CI - 400mm",buah,880001,88000.1,44000.05,836000.9500000001,Ya
728,"Pipa S-12,5 RR - 6 meter 3"" PVC - 90mm",meter,879696,87969.6,43984.8,835711.2000000001,Ya
266,"Clamp Sadle 3"" x 3/4"" PVC - 90 X 25mm",buah,877794,87779.40000000001,43889.7,833904.2999999999,Ya
263,"Clamp Sadle 2 1/2"" x 3/4"" PVC - 75 X 25mm",buah,877730,87773.0,43886.5,833843.5,Ya
929,"Rubbering 2"" Karet/Ruber - 63mm",buah,877701,87770.1,43885.05,833815.9500000001,Ya
814,"Reducer All Flange 16"" x 14"" CI - 400 x 350mm",buah,877192,87719.20000000001,43859.600000000006,833332.4,Ya
923,Repair Socket - PVC - -,buah,876717,87671.70000000001,43835.850000000006,832881.15,Ya
69,"Tee All Flanged 8"" x 4"" CI - 200 x 100mm",buah,876360,87636.0,43818.0,832542.0,Ya
793,Pita PDE Type OCR 09 EPS - Kain - -,buah,874595,87459.5,43729.75,830865.25,Ya
580,Kertas Milimeter Blok - Kertas - -,buah,870176,87017.6,43508.8,826667.2000000001,Ya
301,"Dop Topi 1"" GI - -",buah,869952,86995.20000000001,43497.600000000006,826454.4,Ya
235,"Clamp Sadle 3"" x 1/2"" CI - 80 x 20mm",buah,869010,86901.0,43450.5,825559.5,Ya
362,Fenolftalein - Powder - -,gram,865164,86516.40000000001,43258.2,821905.7999999999,Ya
485,"Gate Valve Flanged Flat Body 8"" CI - 200mm",buah,862322,86232.20000000001,43116.100000000006,819205.9,Ya
852,"Reducer RR + SC 8"" x 3/4"" PVC - 200 X 25mm",buah,860978,86097.8,43048.9,817929.1,Ya
523,Kartu Barang 1/2 F4 - Kertas - -,lembar,860819,86081.90000000001,43040.95,817778.0499999999,Ya
529,Kawat Las - PVC - -,kilogram,851786,85178.6,42589.3,809196.7000000001,Ya
669,Pipa S-10 MOF - 6 meter - PVC - 225mm,meter,850345,85034.5,42517.25,807827.75,Ya
321,"Double Neple 1"" GI - 32mm",buah,848859,84885.90000000001,42442.95,806416.0499999999,Ya
861,"Reducer All RR 10"" x 6"" PVC - 250 X 160mm",buah,848324,84832.40000000001,42416.2,805907.7999999999,Ya
352,"End Cap 3/4"" HDPE - 25mm",buah,848224,84822.40000000001,42411.2,805812.7999999999,Ya
52,"Tee All Flanged 16"" x 2"" CI - 400 x 50mm",buah,847530,84753.0,42376.5,805153.5,Ya
497,"Giboult Joint for PVC 8"" CI - 200mm",buah,847418,84741.8,42370.9,805047.1,Ya
439,"Flange Spigot 2"" CI - 50mm",buah,843242,84324.20000000001,42162.100000000006,801079.9,Ya
633,Odner Kertas Kecil - Karton - -,buah,842431,84243.1,42121.55,800309.4500000001,Ya
917,"Repair Socket 1 1/2"" PVC - 50mm",buah,839325,83932.5,41966.25,797358.75,Ya
767,"Pipa S-5 (PN-10) - 6 meter 16"" HDPE - 400mm",meter,839245,83924.5,41962.25,797282.75,Ya
699,"Pipa S-12,5 MOF -6 meter 6"" PVC - 160mm",meter,837354,83735.40000000001,41867.7,795486.2999999999,Ya
758,Pipa S-5 (PN-10) - 6 meter - HDPE - 140mm,meter,836181,83618.1,41809.05,794371.9500000001,Ya
145,"Bend All SC 45 drj 1/2"" PVC - 20mm",buah,831747,83174.70000000001,41587.350000000006,790159.65,Ya
48,"Tee All Flanged 16"" x 10"" CI - 400 x 250mm",buah,830871,83087.1,41543.55,789327.4500000001,Ya
203,Brosur - Kertas - -,lembar,830780,83078.0,41539.0,789241.0,Ya
474,"Foucet Tee 1/2"" PVC - 20mm",buah,830036,83003.6,41501.8,788534.2000000001,Ya
960,"Tee All RR 4"" x 2"" PVC - 110 x 63mm",buah,829287,82928.70000000001,41464.350000000006,787822.65,Ya
674,"Pipa S-10 MOF - 6 meter 1 1/4"" PVC - 40mm",meter,826880,82688.0,41344.0,785536.0,Ya
500,"Giboult Joint for PVC 14"" CI - 350mm",buah,823178,82317.8,41158.9,782019.1,Ya
36,"Bend All Flanged 90 drj 12"" CI - 300mm",buah,820789,82078.90000000001,41039.45,779749.5499999999,Ya
600,"Knee 1 1/4"" GI - -",buah,818562,81856.20000000001,40928.100000000006,777633.9,Ya
105,Ball Point - Plastik - -,dus,818012,81801.20000000001,40900.600000000006,777111.4,Ya
26,"Bend All Flanged 45 drj 16"" CI - 400mm",buah,817018,81701.8,40850.9,776167.1,Ya
958,"Swing Chek Valve Flanged PN.10 2"" CI - 50mm",Buah,816528,81652.8,40826.4,775701.6,Ya
310,Dop/Cup RR 10 PVC - 250mm,buah,814116,81411.6,40705.8,773410.2000000001,Ya
223,"Butterfly Valve Wafer 6"" CI - 150mm",buah,812190,81219.0,40609.5,771580.5,Ya
498,"Giboult Joint for PVC 10"" CI - 250mm",buah,811111,81111.1,40555.55,770555.4500000001,Ya
7,"Bend All Flanged 11.25 drj 14"" CI - 350mm",buah,810076,81007.6,40503.8,769572.2000000001,Ya
624,MnSO4 .H2O - Powder - -,gram,808604,80860.40000000001,40430.2,768173.7999999999,Ya
186,"Bend All RR 45 drj S-12,5 2"" PVC - 63mm",buah,808279,80827.90000000001,40413.95,767865.0499999999,Ya
50,"Tee All Flanged 16"" x 14"" CI - 400 x 350mm",buah,807269,80726.90000000001,40363.45,766905.5499999999,Ya
469,"Foucet Socket 2 1/2"" PVC - 75mm",buah,802235,80223.5,40111.75,762123.25,Ya
625,NaCl - Cair - -,kilogram,802131,80213.1,40106.55,762024.4500000001,Ya
709,"Pipa S-12,5 MOF -6 meter 1 1/2"" PVC - 50mm",meter,799205,79920.5,39960.25,759244.75,Ya
862,"Reducer All RR 10"" x 8"" PVC - 250 X 200mm",buah,797940,79794.0,39897.0,758043.0,Ya
400,"Flange 14"" CI - 350mm",buah,793363,79336.3,39668.15,753694.85,Ya
680,"Pipa S-10 RR - 6 meter 4"" PVC - 110mm",meter,793055,79305.5,39652.75,753402.25,Ya
573,Kertas HVS 80 gram folio F4 - Kertas - -,rim,792326,79232.6,39616.3,752709.7000000001,Ya
948,"Stop Kran 3"" Brass - 80mm",buah,791303,79130.3,39565.15,751737.85,Ya
9,"Bend All Flanged 11.25 drj 20"" CI - 500mm",buah,789223,78922.3,39461.15,749761.85,Ya
345,"Elbow with Threaded female off take 1/2"" x 1/2"" HDPE - 20 x 20mm",buah,786881,78688.1,39344.05,747536.9500000001,Ya
942,Spidol White Board - Plastik - -,buah,786507,78650.70000000001,39325.350000000006,747181.65,Ya
150,"Bend All RR 45 drj S-12,5 12"" PVC - 315mm",buah,786279,78627.90000000001,39313.95,746965.0499999999,Ya
380,"Flange Adaptor RRJ 20"" PVC - 500mm",buah,784938,78493.8,39246.9,745691.1,Ya
100,"Automatic Single Air Relief Batterfly Valve Flanged 2"" CI - 50mm",buah,782797,78279.7,39139.85,743657.15,Ya
662,"Pipa S-10 MOF - 6 meter 4"" PVC - 110mm",meter,781539,78153.90000000001,39076.95,742462.0499999999,Ya
736,"Pipa S-4 (PN-12) - 50 meter 3"" HDPE - 90mm",meter,779657,77965.7,38982.85,740674.15,Ya
556,"Kertas Continue Form 4 ply polos 500 set 9 1/2 x 11"" Kertas - -",box,777705,77770.5,38885.25,738819.75,Ya
616,Map Kertas Gantung - Karton - -,buah,776897,77689.7,38844.85,738052.15,Ya
83,"Tee All Flanged 14"" x 10"" CI - 350 x 250mm",buah,775405,77540.5,38770.25,736634.75,Ya
173,"Bend All RR 11 1/4 drj S-12,5 2 1/2 PVC - 75mm",buah,771753,77175.3,38587.65,733165.35,Ya
170,"Bend All SC 11 1/4 drj 1 1/4"" PVC - 40mm",buah,770866,77086.6,38543.3,732322.7000000001,Ya
3,"Bend All Flanged 11.25 drj 6"" CI - 150mm",buah,768671,76867.1,38433.55,730237.4500000001,Ya
514,HNO3 - Cair - -,liter,768492,76849.2,38424.6,730067.4,Ya
950,"Swing Chek Valve Flanged PN.10 4"" CI - 100mm",buah,766250,76625.0,38312.5,727937.5,Ya
621,Metil Jingga - Powder - -,gram,765245,76524.5,38262.25,726982.75,Ya
122,"Bend All RR 11 1/4 drj S-12,5 10"" PVC - 250mm",buah,761019,76101.90000000001,38050.95,722968.0499999999,Ya
846,"Reducer All RR 6"" x 3"" PVC - 160 X 90mm",buah,759855,75985.5,37992.75,721862.25,Ya
430,"Flange Spigot 2 1/2"" CI - 75mm",buah,758964,75896.40000000001,37948.2,721015.7999999999,Ya
117,"Bend All RR 90 drj S-12,5 16"" PVC - 400mm",buah,749639,74963.90000000001,37481.95,712157.0499999999,Ya
806,"Reducer All Flange 12"" x 8"" CI - 300 x 200mm",buah,748749,74874.90000000001,37437.45,711311.5499999999,Ya
708,"Pipa S-12,5 MOF -6 meter 1 1/4"" PVC - 40mm",meter,748417,74841.7,37420.85,710996.15,Ya
562,Kertas Faxsimale - Kertas - 210 x 30mm,roll,745855,74585.5,37292.75,708562.25,Ya
167,"Bend All RR 90 drj S-12,5 3"" PVC - 90mm",buah,744341,74434.1,37217.05,707123.9500000001,Ya
988,"Tee All SC 1 1/2"" x 1"" PVC - 50 X 32mm",buah,743701,74370.1,37185.05,706515.9500000001,Ya
593,"Knee 2 1/2"" PVC - 75mm",buah,740357,74035.7,37017.85,703339.15,Ya
927,"Rubbering 18"" Karet/Ruber - 450mm",buah,739299,73929.90000000001,36964.95,702334.0499999999,Ya
144,"Bend All RR 45 drj S-12,5 6"" PVC - 160mm",buah,738228,73822.8,36911.4,701316.6,Ya
454,Form Surat Perintah Kerja - Kertas - -,buku,734474,73447.40000000001,36723.7,697750.2999999999,Ya
770,"Pipa S-8 (PN-6) - 100 meter 2"" HDPE - 63mm",meter,733369,73336.90000000001,36668.45,696700.5499999999,Ya
243,"Clamp Sadle 6"" x 1"" PVC - 160 X 32mm",buah,731635,73163.5,36581.75,695053.25,Ya
449,Form Laporan Penagihan Penagih Air Bulan Berjalan (LPPA) F4 - Kertas - -,buku,731367,73136.7,36568.35,694798.65,Ya
676,"Pipa S-10 MOF - 6 meter 2"" PVC - 63mm",meter,726925,72692.5,36346.25,690578.75,Ya
747,"Pipa S-5 (PN-10) - 100 meter 1 1/4"" HDPE - 40mm",meter,726804,72680.40000000001,36340.2,690463.7999999999,Ya
160,"Bend All SC 90 drj 3/4"" PVC - 25mm",buah,726718,72671.8,36335.9,690382.1,Ya
347,"Elbow with Threaded female off take 1"" x 1"" HDPE - 32 x 32mm",buah,725920,72592.0,36296.0,689624.0,Ya
679,"Pipa S-10 MOF - 6 meter 14"" PVC - 350mm",meter,724582,72458.2,36229.1,688352.9,Ya
856,"Reducer All RR 8"" x 2 1/2"" PVC - 200 X 75mm",buah,718743,71874.3,35937.15,682805.85,Ya
639,"Pipa 6"" ACP - 150mm",meter,716146,71614.6,35807.3,680338.7000000001,Ya
819,"Reducer All Flange 4"" x 3"" CI - 100 x 80mm",buah,715556,71555.6,35777.8,679778.2000000001,Ya
598,"Knee 4"" GI - 100mm",buah,715548,71554.8,35777.4,679770.6,Ya
451,Form Laporan Penagihan Penagih Non Air (LPPNA) F4 - Kertas - -,buku,710917,71091.7,35545.85,675371.15,Ya
212,Buku Kwitansi Kecil - Kertas - -,buah,709222,70922.2,35461.1,673760.9,Ya
788,Pita Mesin Brother - Kain - -,buah,708752,70875.2,35437.6,673314.4,Ya
561,"Kertas Continue Form 6 ply polos 500 set 9 1/2 x 11"" Kertas - -",box,706388,70638.8,35319.4,671068.6,Ya
589,"Knee 1"" PVC - 32mm",buah,702721,70272.1,35136.05,667584.9500000001,Ya
740,"Pipa S-4 (PN-12) - 6 meter 6"" HDPE - 160mm",meter,700477,70047.7,35023.85,665453.15,Ya
984,"Tee All SC 1"" x 1"" PVC - 32 X 32mm",buah,699469,69946.90000000001,34973.450000000004,664495.5499999999,Ya
94,"Automatic Double Air Relief Batterfly Valve Flanged 6"" CI - 150mm",buah,697672,69767.2,34883.6,662788.4,Ya
479,"Gate Valve PN.10 4"" CI - 100mm",buah,697374,69737.40000000001,34868.700000000004,662505.2999999999,Ya
21,"Bend All Flanged 45 drj 6"" CI - 150mm",buah,694737,69473.7,34736.85,660000.15,Ya
452,Form Pernyataan Calon Langganan F4 - Kertas - -,buku,692313,69231.3,34615.65,657697.35,Ya
107,"Ball Valve 1/2"" Brass - 20mm",buah,692249,69224.90000000001,34612.450000000004,657636.5499999999,Ya
74,"Tee All Flanged 10"" x 10"" CI - 250 x 250mm",buah,688156,68815.6,34407.8,653748.2000000001,Ya
628,Natrium Acetat - Cair - -,kilogram,686881,68688.1,34344.05,652536.9500000001,Ya
887,"Reducer All RR 2 1/2"" x 2"" PVC - 75 X 63mm",buah,685962,68596.2,34298.1,651663.9,Ya
755,"Pipa S-5 (PN-10) - 50 meter 3"" HDPE - 90mm",meter,685619,68561.90000000001,34280.950000000004,651338.0499999999,Ya
255,"Clamp Sadle 1 1/2"" x 1"" PVC - 50 X 32mm",buah,680512,68051.2,34025.6,646486.4,Ya
675,"Pipa S-10 MOF - 6 meter 1 1/2"" PVC - 50mm",meter,679065,67906.5,33953.25,645111.75,Ya
475,"Foucet Tee 3/4"" PVC - 25mm",buah,678429,67842.90000000001,33921.450000000004,644507.5499999999,Ya
309,"Dop/Cup SC 3/4"" PVC - 25mm",buah,676080,67608.0,33804.0,642276.0,Ya
918,"Repair Socket 20"" PVC - 500mm",buah,674773,67477.3,33738.65,641034.35,Ya
630,NH4Cl - Powder - -,kilogram,672114,67211.40000000001,33605.700000000004,638508.2999999999,Ya
885,"Reducer RR + SC 2 1/2"" x 1"" PVC - 75 X 32mm",buah,667852,66785.2,33392.6,634459.4,Ya
393,"Flange Buta 16"" CI - 400mm",buah,664131,66413.1,33206.55,630924.4500000001,Ya
911,"Repair Socket 12"" PVC - 315mm",buah,663967,66396.7,33198.35,630768.65,Ya
665,"Pipa S-10 MOF - 6 meter 3/8"" PVC - 16mm",meter,663305,66330.5,33165.25,630139.75,Ya
444,Form Daftar Hutang Harus Dibayar (DHHD) A3 - Kertas - -,buku,662586,66258.6,33129.3,629456.7000000001,Ya
853,"Reducer RR + SC 8"" x 1"" PVC - 200 X 32mm",buah,662017,66201.7,33100.85,628916.15,Ya
795,Plastik KML (Kartu Meter Langganan) - Plastik - -,buah,661241,66124.1,33062.05,628178.9500000001,Ya
238,"Clamp Sadle 4"" x 1 1/4"" PVC - 110 X 40mm",buah,657155,65715.5,32857.75,624297.25,Ya
683,"Pipa S-10 RR - 6 meter 6"" PVC - 160mm",meter,654250,65425.0,32712.5,621537.5,Ya
733,"Pipa S-4 (PN-12) - 250 meter 3/4"" HDPE - 25mm",meter,653342,65334.2,32667.1,620674.9,Ya
325,"Double Neple 1 1/2"" GI - 40mm",buah,651932,65193.2,32596.6,619335.4,Ya
155,"Bend All RR 45 drj S-12,5 24"" PVC - 630mm",buah,651172,65117.2,32558.6,618613.4,Ya
860,"Reducer All RR 10"" x 4"" PVC - 250 X 110mm",buah,648897,64889.7,32444.85,616452.15,Ya
692,"Pipa S-10 RR - 6 meter 2"" PVC - 63mm",meter,648472,64847.2,32423.6,616048.4,Ya
91,"Atap Kran 1/2"" CI - 20mm",buah,643623,64362.3,32181.15,611441.85,Ya
537,"Kertas Continue Form 1 ply polos logo 2000 set 9 1/2 x 11"" Kertas - -",box,641657,64165.7,32082.85,609574.15,Ya
803,"Reducer All Flange 12"" x 3"" CI - 300 x 80mm",buah,641176,64117.600000000006,32058.800000000003,609117.2000000001,Ya
834,"Reducer RR + SC 4"" x 1 1/2"" PVC - 110 X 50mm",buah,638802,63880.2,31940.1,606861.9,Ya
901,"Rekening Air 1 ply (4,000 rek) 9 1/2 x 5 1/2 Kertas - -",box,637065,63706.5,31853.25,605211.75,Ya
104,"Automatic Single Air Relief Batterfly Valve Flanged 3"" CI - 80mm",buah,634853,63485.3,31742.65,603110.35,Ya
274,"Clamp Sadle 4"" x 1/2"" CI - 100 x 20mm",buah,634137,63413.7,31706.85,602430.15,Ya
106,"Ball Valve 1"" Brass - 32mm",buah,631727,63172.7,31586.35,600140.65,Ya
936,Sampul Penyimpanan Rekening (SPR) - Kertas - -,buah,630138,63013.8,31506.9,598631.1,Ya
757,"Pipa S-5 (PN-10) - 6 meter 5"" HDPE - 125mm",meter,628223,62822.3,31411.15,596811.85,Ya
215,"Butterfly Valve Flanged with Gear 10"" CI - 250mm",buah,626204,62620.4,31310.2,594893.7999999999,Ya
848,"Reducer All RR 8"" x 4"" PVC - 200 X 110mm",buah,625920,62592.0,31296.0,594624.0,Ya
344,"Elbow 90 drj 1"" HDPE - 32mm",buah,625557,62555.7,31277.85,594279.15,Ya
506,Gunting Besar - Steel - -,buah,625101,62510.100000000006,31255.050000000003,593845.9500000001,Ya
432,"Flange Spigot 6"" CI - 150mm",buah,622675,62267.5,31133.75,591541.25,Ya
230,"Butterfly Valve Wafer 2 1/2"" CI - 75mm",buah,621699,62169.9,31084.95,590614.0499999999,Ya
576,Kertas Jilid (Cover) folio berwarna F4 - Kertas - -,Pak,620927,62092.7,31046.35,589880.65,Ya
417,Flange Spigot 14 PVC - 355mm,buah,616893,61689.3,30844.65,586048.35,Ya
841,"Reducer RR + SC 6"" x 3/4"" PVC - 160 X 25mm",buah,616214,61621.4,30810.7,585403.2999999999,Ya
717,"Pipa S-12,5 RR - 6 meter 10"" PVC - 250mm",meter,615310,61531.0,30765.5,584544.5,Ya
839,"Socket All RR 6"" PVC - 160mm",buah,612563,61256.3,30628.15,581934.85,Ya
631,Nozzle D 13 - PVC - -,buah,610672,61067.2,30533.6,580138.4,Ya
826,"Reducer All Flange 8"" x 6"" CI - 200 x 150mm",buah,608148,60814.8,30407.4,577740.6,Ya
490,"Gate Valve Flanged Flat Body 1 1/2"" CI - 40mm",buah,607299,60729.9,30364.95,576934.0499999999,Ya
710,"Pipa S-12,5 MOF -6 meter 2"" PVC - 63mm",meter,606929,60692.9,30346.45,576582.5499999999,Ya
507,Gunting Kecil - Steel - -,buah,606773,60677.3,30338.65,576434.35,Ya
396,"Flange 6"" CI - 150mm",buah,604464,60446.4,30223.2,574240.7999999999,Ya
842,"Reducer RR + SC 6"" x 1"" PVC - 160 X 32mm",buah,602488,60248.8,30124.4,572363.6,Ya
849,"Reducer All RR 8"" x 6"" PVC - 200 X 160mm",buah,602427,60242.7,30121.35,572305.65,Ya
477,"Gate Valve PN.10 2"" CI - 50mm",buah,602173,60217.3,30108.65,572064.35,Ya
463,"Foucet Socket 1/2"" PVC - 20mm",buah,601741,60174.100000000006,30087.050000000003,571653.9500000001,Ya
62,"Tee All Flanged 4"" x 4"" CI - 100 x 100mm",buah,600840,60084.0,30042.0,570798.0,Ya
407,"Flange Spigot 7"" PVC - 175mm",buah,599131,59913.100000000006,29956.550000000003,569174.4500000001,Ya
672,Pipa S-10 MOF - 6 meter - PVC - 280mm,meter,597216,59721.600000000006,29860.800000000003,567355.2000000001,Ya
779,"Pipa S-8 (PN-6) - 6 meter 6"" HDPE - 160mm",meter,596173,59617.3,29808.65,566364.35,Ya
798,"Reducer All Flange 10"" x 3"" CI - 250 x 80mm",buah,595870,59587.0,29793.5,566076.5,Ya
973,"Tee All RR 8"" x 6"" PVC - 200 X 160mm",buah,595156,59515.600000000006,29757.800000000003,565398.2000000001,Ya
938,Solar - Cair - -,liter,594070,59407.0,29703.5,564366.5,Ya
549,"Kertas Continue Form 3 ply polos 1000 set 14 7/8 x 11"" Kertas - -",box,593276,59327.600000000006,29663.800000000003,563612.2000000001,Ya
895,"Socket All RR 3"" PVC - 90mm",buah,589668,58966.8,29483.4,560184.6,Ya
388,"Flange Buta 6"" CI - 150mm",buah,588420,58842.0,29421.0,558999.0,Ya
224,"Butterfly Valve Wafer 8"" CI - 200mm",buah,584613,58461.3,29230.65,555382.35,Ya
949,"Stop Kran 3/4"" Brass - 25mm",buah,583744,58374.4,29187.2,554556.7999999999,Ya
419,"Flange Spigot 16"" PVC - 400mm",buah,583660,58366.0,29183.0,554477.0,Ya
800,"Reducer All Flange 10"" x 6"" CI - 250 x 150mm",buah,583049,58304.9,29152.45,553896.5499999999,Ya
438,"Flange Spigot 18"" CI - 450mm",buah,581860,58186.0,29093.0,552767.0,Ya
418,"Reducer RR + Spigot 4 x 2 1/2"" PVC - 110 x 75mm",buah,581664,58166.4,29083.2,552580.7999999999,Ya
358,Etanol - Cair - -,liter,580836,58083.600000000006,29041.800000000003,551794.2000000001,Ya
102,"Automatic Single Air Relief Batterfly Valve Flanged 4"" CI - 100mm",buah,577656,57765.600000000006,28882.800000000003,548773.2000000001,Ya
467,"Foucet Socket 1 1/2"" PVC - 50mm",buah,576220,57622.0,28811.0,547409.0,Ya
565,Kertas HVS 60 gram folio F4 - Kertas - -,rim,573879,57387.9,28693.95,545185.0499999999,Ya
760,Pipa S-5 (PN-10) - 6 meter - HDPE - 180mm,meter,573071,57307.100000000006,28653.550000000003,544417.4500000001,Ya
478,"Gate Valve PN.10 3"" CI - 80mm",buah,571883,57188.3,28594.15,543288.85,Ya
197,Boraks - Powder - -,gram,570482,57048.2,28524.1,541957.9,Ya
571,Kertas HVS 80 gram A3 - Kertas - -,rim,567082,56708.2,28354.1,538727.9,Ya
402,"Flange Socket For PVC 18"" CI - 450mm",buah,566411,56641.100000000006,28320.550000000003,538090.4500000001,Ya
664,"Pipa S-10 MOF - 6 meter 5"" PVC - 140mm",meter,563957,56395.7,28197.85,535759.15,Ya
586,"Knee 6"" PVC - 160mm",buah,553521,55352.100000000006,27676.050000000003,525844.9500000001,Ya
471,"Foucet Socket 6"" PVC - 160mm",buah,552941,55294.100000000006,27647.050000000003,525293.9500000001,Ya
844,"Reducer All RR 6"" x 2"" PVC - 160 X 63mm",buah,551223,55122.3,27561.15,523661.85,Ya
552,"Kertas Continue Form 4 ply bergaris 500 set 8 1/2 x 11"" Kertas - -",box,542032,54203.2,27101.6,514930.4,Ya
159,"Bend All RR 90 drj S-12,5 8"" PVC - 200mm",buah,541019,54101.9,27050.95,513968.05,Ya
818,"Reducer All Flange 4"" x 2"" CI - 100 x 50mm",buah,539942,53994.2,26997.1,512944.9,Ya
181,"Bend All RR 22 1/2 drj S-12,5 3"" PVC - 90mm",buah,539616,53961.600000000006,26980.800000000003,512635.2,Ya
293,"Disket DD 5 1/4"" 5 1/4"" Plastik - -",buah,539222,53922.2,26961.1,512260.9,Ya
252,"Clamp Sadle 1 1/2"" x 5/8"" PVC - 50 X 16mm",buah,538447,53844.7,26922.35,511524.65,Ya
112,"Ball Valve 1"" PVC - 32mm",buah,538091,53809.100000000006,26904.550000000003,511186.45,Ya
945,"Stop Kran 1/2"" Brass - 20mm",buah,529325,52932.5,26466.25,502858.75,Ya
870,"Reducer All SC 1 1/4"" x 1/2"" PVC - 40 X 20mm",buah,529121,52912.100000000006,26456.050000000003,502664.95,Ya
658,"Pipa Medium - 6 meter 2"" GI - 50mm",meter,525174,52517.4,26258.7,498915.3,Ya
935,"Rubbering 14"" Karet/Ruber - 355mm",buah,525017,52501.7,26250.85,498766.15,Ya
93,"Automatic Double Air Relief Batterfly Valve Flanged 4"" CI - 100mm",buah,523523,52352.3,26176.15,497346.85,Ya
805,"Reducer All Flange 12"" x 6"" CI - 300 x 150mm",buah,521443,52144.3,26072.15,495370.85,Ya
957,"Swing Chek Valve Flanged PN.10 1 1/2"" CI - 40mm",buah,521332,52133.2,26066.6,495265.4,Ya
10,"Bend All Flanged 11.25 drj 3"" CI - 80mm",buah,507399,50739.9,25369.95,482029.05,Ya
771,"Pipa S-8 (PN-6) - 250 meter 1/2"" HDPE - 20mm",meter,507195,50719.5,25359.75,481835.25,Ya
751,"Pipa S-5 (PN-10) - 250 meter 1/2"" HDPE - 20mm",meter,505744,50574.4,25287.2,480456.8,Ya
27,"Bend All Flanged 45 drj 20"" CI - 500mm",buah,504677,50467.7,25233.85,479443.15,Ya
655,"Pipa Medium - 6 meter 1"" GI - 32mm",meter,502292,50229.2,25114.6,477177.4,Ya
234,Catrige LQ 2170 - Plastik - -,buah,501646,50164.600000000006,25082.300000000003,476563.7,Ya
209,Buku Folio - Kertas - -,buah,499762,49976.2,24988.1,474773.9,Ya
124,"Bend All RR 11 1/4 drj S-12,5 12"" PVC - 315mm",buah,496460,49646.0,24823.0,471637.0,Ya
693,"Pipa S-10 RR - 6 meter 24"" PVC - 630mm",meter,496324,49632.4,24816.2,471507.8,Ya
323,"Double Neple 6"" GI - 150mm",buah,496010,49601.0,24800.5,471209.5,Ya
116,Bend All SC 90 drj 1 1/4 PVC - 40mm,buah,491071,49107.100000000006,24553.550000000003,466517.45,Ya
847,"Socket All SC 1/2"" PVC - 20mm",buah,488210,48821.0,24410.5,463799.5,Ya
42,"Tee All Flanged 12"" x 6"" CI - 300 x 150mm",buah,487101,48710.100000000006,24355.050000000003,462745.95,Ya
637,Pencil Staidler - Kayu - -,buah,481255,48125.5,24062.75,457192.25,Ya
588,"Knee 3/4"" PVC - 25mm",buah,478939,47893.9,23946.95,454992.05,Ya
219,"Butterfly Valve Flanged with Gear 20"" CI - 500mm",buah,477243,47724.3,23862.15,453380.85,Ya
85,Alum. Pot. Disulfat (1Kr) - Powder - -,gram,474407,47440.7,23720.35,450686.65,Ya
364,"Flange Socket RR 6"" PVC - 160mm",buah,472897,47289.7,23644.85,449252.15,Ya
80,"Tee All Flanged 12"" x 12"" CI - 300 x 300mm",buah,469110,46911.0,23455.5,445654.5,Ya
424,"Reducer RR + Spigot 8 x 6"" PVC - 200 x 160mm",buah,465968,46596.8,23298.4,442669.6,Ya
473,"Foucet Socket 10"" PVC - 250mm",buah,465953,46595.3,23297.65,442655.35,Ya
634,Olie-Cair SEA 40 - Cair - -,liter,465181,46518.100000000006,23259.050000000003,441921.95,Ya
30,"Bend All Flanged 90 drj 2"" CI - 50mm",buah,463882,46388.2,23194.1,440687.9,Ya
162,"Bend All RR 90 drj S-12,5 12"" PVC - 315mm",buah,461660,46166.0,23083.0,438577.0,Ya
746,"Pipa S-4 (PN-12) - 6 meter 12"" HDPE - 315mm",meter,457754,45775.4,22887.7,434866.3,Ya
260,"Clamp Sadle 2"" x 1 1/4"" PVC - 63 X 40mm",buah,457549,45754.9,22877.45,434671.55,Ya
502,"Giboult Joint for PVC 18"" CI - 450mm",buah,455327,45532.7,22766.35,432560.65,Ya
328,"Double Neple 3"" GI - 80mm",buah,454571,45457.100000000006,22728.550000000003,431842.45,Ya
739,Pipa S-4 (PN-12) - 6 meter - HDPE - 140mm,meter,454372,45437.2,22718.6,431653.4,Ya
245,"Clamp Sadle 6"" x 1 1/2"" PVC - 160 X 50mm",buah,449601,44960.100000000006,22480.050000000003,427120.95,Ya
312,Dop/Cup RR - PVC - 280mm,buah,448268,44826.8,22413.4,425854.6,Ya
599,"Knee 6"" GI - 150mm",buah,446296,44629.600000000006,22314.800000000003,423981.2,Ya
715,"Pipa S-12,5 RR - 6 meter 8"" PVC - 200mm",meter,445815,44581.5,22290.75,423524.25,Ya
177,"Bend All SC 22 1/2 drj 1"" PVC - 32mm",buah,442134,44213.4,22106.7,420027.3,Ya
553,"Kertas Continue Form 4 ply bergaris 500 set 9 1/2 x 11"" Kertas - -",box,441886,44188.600000000006,22094.300000000003,419791.7,Ya
141,"Bend All RR 22 1/2 drj S-12,5 24"" PVC - 630mm",buah,441027,44102.7,22051.35,418975.65,Ya
784,Pipa S-8 (PN-6) - 6 meter - HDPE - 280mm,meter,436573,43657.3,21828.65,414744.35,Ya
636,PAC - Cair - -,kilogram,435752,43575.2,21787.6,413964.4,Ya
978,"Tee All RR 10"" x 4"" PVC - 250 X 110mm",buah,435334,43533.4,21766.7,413567.3,Ya
368,"Flange Socket RR 14"" PVC - 355mm",buah,425776,42577.600000000006,21288.800000000003,404487.2,Ya
272,"Clamp Sadle 3"" x 3/4"" CI - 80 x 25mm",buah,424715,42471.5,21235.75,403479.25,Ya
401,"Flange 16"" CI - 400mm",buah,424519,42451.9,21225.95,403293.05,Ya
66,"Tee All Flanged 6"" x 6"" CI - 150 x 150mm",buah,423735,42373.5,21186.75,402548.25,Ya
504,Giboult Joint Reducer - CI - 150 x 144mm,buah,422935,42293.5,21146.75,401788.25,Ya
423,"Flange Spigot 20"" PVC - 500mm",buah,422087,42208.7,21104.35,400982.65,Ya
97,"Automatic Double Air Relief Batterfly Valve Flanged 12"" CI - 300mm",buah,422080,42208.0,21104.0,400976.0,Ya
23,"Bend All Flanged 45 drj 10"" CI - 250mm",buah,421920,42192.0,21096.0,400824.0,Ya
137,"Bend All RR 22 1/2 drj S-12,5 12"" PVC - 315mm",buah,419895,41989.5,20994.75,398900.25,Ya
420,"Reducer RR + Spigot 4 x 3"" PVC - 110 x 90mm",buah,418811,41881.100000000006,20940.550000000003,397870.45,Ya
646,"Pipa 10"" Steel - 250mm",meter,417086,41708.600000000006,20854.300000000003,396231.7,Ya
821,"Reducer All Flange 6"" x 3"" CI - 150 x 80mm",buah,414342,41434.2,20717.1,393624.9,Ya
414,"Reducer RR + Spigot 4 x 2"" PVC - 110 x 63mm",buah,414181,41418.100000000006,20709.050000000003,393471.95,Ya
891,"Reducer RR + SC 3"" x 1"" PVC - 90 X 32mm",buah,413284,41328.4,20664.2,392619.8,Ya
221,"Butterfly Valve Wafer 2"" CI - 50mm",buah,413007,41300.7,20650.35,392356.65,Ya
76,"Tee All Flanged 10"" x 3"" CI - 250 x 80mm",buah,412884,41288.4,20644.2,392239.8,Ya
526,Kartu Pelanggan - Karton - -,lembar,412219,41221.9,20610.95,391608.05,Ya
113,"Ball Valve 1/2"" PVC - 20mm",buah,407745,40774.5,20387.25,387357.75,Ya
431,"Flange Spigot 4"" CI - 100mm",buah,405757,40575.7,20287.85,385469.15,Ya
877,"Socket All SC 1 1/2"" PVC - 50mm",buah,404192,40419.2,20209.6,383982.4,Ya
799,"Reducer All Flange 10"" x 4"" CI - 250 x 100mm",buah,401842,40184.2,20092.1,381749.9,Ya
581,Kertas Sheetl F4 - Kertas - -,buah,398619,39861.9,19930.95,378688.05,Ya
140,"Bend All RR 22 1/2 drj S-12,5 2"" PVC - 63mm",buah,398200,39820.0,19910.0,378290.0,Ya
544,"Kertas Continue Form 2 ply polos logo 1000 set 14 7/8 x 11"" Kertas - -",box,397966,39796.600000000006,19898.300000000003,378067.7,Ya
351,"End Cap 1/2"" HDPE - 20mm",buah,394211,39421.100000000006,19710.550000000003,374500.45,Ya
445,Form Gambar Denah Situasi - Kertas - -,buku,391216,39121.6,19560.8,371655.2,Ya
804,"Reducer All Flange 12"" x 4"" CI - 300 x 100mm",buah,388831,38883.1,19441.55,369389.45,Ya
45,"Tee All Flanged 14"" x 4"" CI - 350 x 100mm",buah,385839,38583.9,19291.95,366547.05,Ya
377,"Flange Adaptor RRJ 14"" PVC - 355mm",buah,385356,38535.6,19267.8,366088.2,Ya
290,"Coupling 3/4"" HDPE - 25 x 25mm",buah,383878,38387.8,19193.9,364684.1,Ya
231,"Butterfly Valve Wafer 3"" CI - 80mm",buah,382951,38295.1,19147.55,363803.45,Ya
313,"Dop/Cup SC 1"" PVC - 32mm",buah,382246,38224.6,19112.3,363133.7,Ya
154,"Bend All RR 45 drj S-12,5 20"" PVC - 500mm",buah,381914,38191.4,19095.7,362818.3,Ya
840,"Reducer RR + SC 6"" x 1/2"" PVC - 160 X 20mm",buah,381714,38171.4,19085.7,362628.3,Ya
697,"Pipa S-12,5 MOF -6 meter 4"" PVC - 110mm",meter,381084,38108.4,19054.2,362029.8,Ya
854,"Reducer RR + SC 8"" x 1/2"" PVC - 200 X 50mm",buah,377296,37729.6,18864.8,358431.2,Ya
129,"Bend All RR 11 1/4 drj S-12,5 20"" PVC - 500mm",buah,376661,37666.1,18833.05,357827.95,Ya
920,"Repair Socket 24"" PVC - 630mm",buah,375805,37580.5,18790.25,357014.75,Ya
72,"Tee All Flanged 12"" x 2"" CI - 300 x 50mm",buah,372741,37274.1,18637.05,354103.95,Ya
232,C2H 2O 4 - Powder - -,gram,371337,37133.7,18566.85,352770.15,Ya
867,"Reducer All SC 1"" x 1/2"" PVC - 32 X 20mm",buah,369551,36955.1,18477.55,351073.45,Ya
778,Pipa S-8 (PN-6) - 6 meter - HDPE - 140mm,meter,369017,36901.7,18450.85,350566.15,Ya
461,"Foucet Knee 1"" PVC - 32mm",buah,367558,36755.8,18377.9,349180.10000000003,Ya
865,"Reducer All RR 10"" x 2 1/2"" PVC - 250 X 75mm",buah,365374,36537.4,18268.7,347105.3,Ya
271,"Clamp Sadle 3"" x 1"" CI - 80 x 32mm",buah,364051,36405.1,18202.55,345848.45,Ya
342,"Elbow 90 drj 1/2"" HDPE - 20mm",buah,355672,35567.200000000004,17783.600000000002,337888.4,Ya
153,"Bend All RR 45 drj S-12,5 18"" PVC - 450mm",buah,353908,35390.8,17695.4,336212.60000000003,Ya
735,"Pipa S-4 (PN-12) - 50 meter 2 1/2"" HDPE - 75mm",meter,352759,35275.9,17637.95,335121.05,Ya
982,"Tee All RR 10"" x 3"" PVC - 250 X 90mm",buah,352567,35256.700000000004,17628.350000000002,334938.65,Ya
462,"Foucet Socket 4"" PVC - 110mm",buah,346205,34620.5,17310.25,328894.75,Ya
210,Buku Kas dan Bank - Kertas - -,buah,344683,34468.3,17234.15,327448.85000000003,Ya
496,"Giboult Joint for PVC 6"" CI - 150mm",buah,341193,34119.3,17059.65,324133.35000000003,Ya
801,"Reducer All Flange 10"" x 8"" CI - 250 x 200mm",buah,340239,34023.9,17011.95,323227.05,Ya
752,"Pipa S-5 (PN-10) - 250 meter 3/4"" HDPE - 25mm",meter,338498,33849.8,16924.9,321573.10000000003,Ya
17,"Bend All Flanged 22.5 drj 16"" CI - 400mm",buah,334798,33479.8,16739.9,318058.10000000003,Ya
276,"Clamp Sadle 6"" x 1"" CI - 150 x 32mm",buah,334718,33471.8,16735.9,317982.10000000003,Ya
244,"Clamp Sadle 6"" x 1 1/4"" PVC - 160 X 40mm",buah,329039,32903.9,16451.95,312587.05,Ya
727,"Pipa S-12,5 RR - 6 meter 2 1/2"" PVC - 75mm",meter,326280,32628.0,16314.0,309966.0,Ya
677,"Pipa S-10 MOF - 6 meter 2 1/2"" PVC - 75mm",meter,323980,32398.0,16199.0,307781.0,Ya
180,"Bend All RR 22 1/2 drj S-12,5 20"" PVC - 500mm",buah,322034,32203.4,16101.7,305932.3,Ya
161,"Bend All RR 90 drj S-12,5 - PVC - 280mm",buah,321265,32126.5,16063.25,305201.75,Ya
532,"Kertas Continue Form 1 ply bergaris 2000 set 8 1/2 x 11"" Kertas - -",box,317636,31763.6,15881.8,301754.2,Ya
967,"Tee RR + SC 4"" x 3/4"" PVC - 110 X 25mm",buah,315024,31502.4,15751.2,299272.8,Ya
389,"Flange Buta 8"" CI - 200mm",buah,312592,31259.2,15629.6,296962.4,Ya
353,"End Cap 1"" HDPE - 32mm",buah,312266,31226.6,15613.3,296652.7,Ya
776,"Pipa S-8 (PN-6) - 6 meter 4"" HDPE - 110mm",meter,302553,30255.300000000003,15127.65,287425.35000000003,Ya
515,Isi Cutter Besar - Steel - -,buah,301452,30145.2,15072.6,286379.4,Ya
64,"Tee All Flanged 6"" x 3"" CI - 150 x 80mm",buah,300949,30094.9,15047.45,285901.55,Ya
851,"Reducer RR + SC 8"" x 1/2"" PVC - 200 X 20mm",buah,300220,30022.0,15011.0,285209.0,Ya
577,Kertas Kalkir A0 - Kertas - -,roll,299915,29991.5,14995.75,284919.25,Ya
340,"Elbow 2 1/2"" GI - 75mm",buah,297215,29721.5,14860.75,282354.25,Ya
560,"Kertas Continue Form 6 ply bergaris 500 set 14 7/8 x 11"" Kertas - -",box,297082,29708.2,14854.1,282227.9,Ya
331,DPD tablet 1 - Powder - -,tablet,296462,29646.2,14823.1,281638.9,Ya
698,"Pipa S-12,5 MOF -6 meter 3/8"" PVC - 16mm",meter,294757,29475.7,14737.85,280019.15,Ya
585,"Knee 4"" PVC - 110mm",buah,293511,29351.1,14675.55,278835.45,Ya
334,"Elbow 1 1/2"" GI - 65mm",buah,291657,29165.7,14582.85,277074.15,Ya
65,"Tee All Flanged 6"" x 4"" CI - 150 x 100 mm",buah,291325,29132.5,14566.25,276758.75,Ya
651,"Pipa Medium - 6 meter 6"" GI - 150mm",meter,291102,29110.2,14555.1,276546.9,Ya
718,"Pipa S-12,5 RR - 6 meter - PVC - 280mm",meter,290939,29093.9,14546.95,276392.05,Ya
319,"Double Neple 1/2"" GI - 20mm",buah,289509,28950.9,14475.45,275033.55,Ya
809,"Reducer All Flange 14"" x 4"" CI - 350 x 100mm",buah,288854,28885.4,14442.7,274411.3,Ya
464,"Foucet Socket 3/4"" PVC - 25mm",buah,284122,28412.2,14206.1,269915.9,Ya
227,"Butterfly Valve Wafer 14"" CI - 350mm",buah,283816,28381.6,14190.8,269625.2,Ya
695,"Pipa S-10 RR - 6 meter 2 1/2"" PVC - 75mm",meter,281601,28160.1,14080.05,267520.95,Ya
357,Eriochrom Cyanin R - Cair - -,gram,280154,28015.4,14007.7,266146.3,Ya
700,"Pipa S-12,5 MOF -6 meter 1/2"" PVC - 20mm",meter,279520,27952.0,13976.0,265544.0,Ya
134,"Bend All RR 22 1/2 drj S-12,5 - PVC - 225mm",buah,278631,27863.1,13931.55,264699.45,Ya
884,"Reducer RR + SC 2 1/2"" x 3/4"" PVC - 75 X 25mm",buah,278517,27851.7,13925.85,264591.15,Ya
381,"Flange Adaptor RRJ 2"" PVC - 63mm",buah,276763,27676.300000000003,13838.15,262924.85000000003,Ya
164,"Bend All RR 90 drj S-12,5 18 PVC - 450mm",buah,274827,27482.7,13741.35,261085.65,Ya
365,Flange Socket RR 8 PVC - 200mm,buah,273080,27308.0,13654.0,259426.0,Ya
563,Kertas HVS 60 gram A3 - Kertas - -,rim,270604,27060.4,13530.2,257073.8,Ya
421,"Flange Spigot 18"" PVC - 450mm",buah,270046,27004.6,13502.3,256543.7,Ya
24,"Bend All Flanged 45 drj 12"" CI - 300mm",buah,269128,26912.800000000003,13456.4,255671.6,Ya
183,"Bend All SC 45 drj 1 1/4"" PVC - 40mm",buah,268320,26832.0,13416.0,254904.0,Ya
176,"Bend All SC 22 1/2 drj 3/4"" PVC - 25mm",buah,268216,26821.6,13410.8,254805.2,Ya
607,Lem 45 gr/1 dos - Plastik - -,tube,264435,26443.5,13221.75,251213.25,Ya
460,"Foucet Knee 3/4"" PVC - 25mm",buah,263639,26363.9,13181.95,250457.05,Ya
190,"Bend All RR 90 drj S-12,5 10"" PVC - 250mm",buah,262768,26276.800000000003,13138.4,249629.6,Ya
595,"Knee 1/2"" GI - 20mm",buah,260362,26036.2,13018.1,247343.9,Ya
782,Pipa S-8 (PN-6) - 6 meter - HDPE - 225mm,meter,254384,25438.4,12719.2,241664.8,Ya
283,CoCl2 - Powder - -,gram,249750,24975.0,12487.5,237262.5,Ya
612,"Male Threaded Adaptor 3/4"" x 1/2"" HDPE - 25 x 20mm",buah,247736,24773.6,12386.8,235349.2,Ya
647,"Pipa 12"" Steel - 300mm",meter,247453,24745.300000000003,12372.65,235080.35,Ya
615,Map Kertas Biasa (Stop Map) - Karton - -,buah,247082,24708.2,12354.1,234727.9,Ya
656,"Pipa Medium - 6 meter 1 1/4"" GI - -",meter,245655,24565.5,12282.75,233372.25,Ya
472,"Foucet Socket 8"" PVC - 200mm",buah,244524,24452.4,12226.2,232297.8,Ya
997,"Tee RR + SC 3"" x 3/4"" PVC - 90 X 25mm",buah,240487,24048.7,12024.35,228462.65,Ya
385,"Flange Buta 2"" CI - 50mm",buah,240194,24019.4,12009.7,228184.3,Ya
495,"Giboult Joint for PVC 2"" CI - 50mm",buah,235411,23541.1,11770.55,223640.45,Ya
135,"Bend All RR 22 1/2 drj S-12,5 10"" PVC - 250mm",buah,235374,23537.4,11768.7,223605.3,Ya
81,"Tee All Flanged 12"" x 3"" CI - 300 x 80mm",buah,235012,23501.2,11750.6,223261.4,Ya
43,"Tee All Flanged 12"" x 8"" CI - 300 x 200mm",buah,232422,23242.2,11621.1,220800.9,Ya
363,File Box - Karton - -,buah,232413,23241.300000000003,11620.65,220792.35,Ya
907,Repair Socket - PVC - 225mm,buah,230866,23086.6,11543.3,219322.7,Ya
226,"Butterfly Valve Wafer 12"" CI - 300mm",buah,228847,22884.7,11442.35,217404.65,Ya
415,Flange Spigot 12 PVC - 315mm,buah,228282,22828.2,11414.1,216867.9,Ya
131,"Bend All RR 22 1/2 drj S-12,5 4"" PVC - 110mm",buah,227916,22791.6,11395.8,216520.2,Ya
329,Double Tipe Besar - Plastik - -,buah,222432,22243.2,11121.6,211310.4,Ya
816,"Reducer All Flange 16"" x 8"" CI - 400 x 200mm",buah,222254,22225.4,11112.7,211141.3,Ya
435,"Flange Spigot 12"" CI - 300mm",buah,221788,22178.800000000003,11089.4,210698.6,Ya
583,KI - Powder - -,gram,220613,22061.300000000003,11030.65,209582.35,Ya
369,"Flange Socket RR 3"" PVC - 90mm",buah,219670,21967.0,10983.5,208686.5,Ya
291,Cutter Besar - Plastik - -,buah,218568,21856.800000000003,10928.4,207639.6,Ya
193,"Bend All RR 90 drj S-12,5 2"" PVC - 63mm",buah,217041,21704.1,10852.05,206188.95,Ya
214,"Butterfly Valve Flanged with Gear 8"" CI - 200mm",buah,216071,21607.1,10803.55,205267.45,Ya
572,Kertas HVS 80 gram A4 - Kertas - -,rim,215114,21511.4,10755.7,204358.3,Ya
90,"Atap Kran 1"" CI - 32mm",buah,214322,21432.2,10716.1,203605.9,Ya
893,"Reducer All RR 3"" x 2"" PVC - 90 X 63mm",buah,214207,21420.7,10710.35,203496.65,Ya
185,"Bend All SC 45 drj 1 1/2"" PVC - 50mm",buah,212955,21295.5,10647.75,202307.25,Ya
744,"Pipa S-4 (PN-12) - 6 meter 10"" HDPE - 250mm",meter,212682,21268.2,10634.1,202047.9,Ya
864,"Reducer All RR 10"" x 2"" PVC - 250 X 63mm",buah,212503,21250.300000000003,10625.15,201877.85,Ya
304,"Dop Plugh 3"" GI - 80mm",buah,211802,21180.2,10590.1,201211.9,Ya
132,"Bend All SC 22 1/2 drj 1/2"" PVC - 20mm",buah,209495,20949.5,10474.75,199020.25,Ya
158,"Bend All SC 90 drj 1/2"" PVC - 20mm",buah,208554,20855.4,10427.7,198126.3,Ya
508,H2O2 - Cair - -,liter,204445,20444.5,10222.25,194222.75,Ya
696,"Pipa S-10 RR - 6 meter 3"" PVC - 90mm",meter,203111,20311.1,10155.55,192955.45,Ya
79,"Tee All Flanged 10"" x 8"" CI - 250 x 200mm",buah,202639,20263.9,10131.95,192507.05,Ya
743,Pipa S-4 (PN-12) - 6 meter - HDPE - 225mm,meter,201573,20157.300000000003,10078.65,191494.35,Ya
317,"Dop/Cup RR 3"" PVC - 90mm",buah,197475,19747.5,9873.75,187601.25,Ya
623,Mg EDTA - Powder - -,gram,196384,19638.4,9819.2,186564.8,Ya
813,"Reducer All Flange 16"" x 12"" CI - 400 x 300mm",buah,194805,19480.5,9740.25,185064.75,Ya
49,"Tee All Flanged 16"" x 12"" CI - 400 x 300mm",buah,191819,19181.9,9590.95,182228.05,Ya
143,"Bend All RR 45 drj S-12,5 4"" PVC - 110mm",buah,189598,18959.8,9479.9,180118.1,Ya
163,"Bend All SC 90 drj 1"" PVC - 32mm",buah,189592,18959.2,9479.6,180112.4,Ya
251,"Clamp Sadle 8"" x 2"" PVC - 200 X 63mm",buah,189247,18924.7,9462.35,179784.65,Ya
566,Kertas HVS 60 gram quarto Q - Kertas - -,rim,187027,18702.7,9351.35,177675.65,Ya
961,"Tee All RR 4"" x 2 1/2"" PVC - 110 x 75mm",buah,186067,18606.7,9303.35,176763.65,Ya
39,"Bend All Flanged 90 drj 20"" CI - 500mm",buah,184384,18438.4,9219.2,175164.80000000002,Ya
403,"Flange 3"" CI - 90mm",buah,184305,18430.5,9215.25,175089.75,Ya
959,"Swing Chek Valve Flanged PN.10 2 1/2"" CI - 65mm",buah,181660,18166.0,9083.0,172577.0,Ya
205,Buffer Solution pH 4 - Cair - -,liter,181458,18145.8,9072.9,172385.1,Ya
336,"Elbow 3/4"" GI - 25mm",buah,181073,18107.3,9053.65,172019.35,Ya
71,"Tee All Flanged 8"" x 8"" CI - 200 x 200mm",buah,180050,18005.0,9002.5,171047.5,Ya
535,"Kertas Continue Form 1 ply polos 2000 set 9 1/2 x 11"" Kertas - -",box,179418,17941.8,8970.9,170447.1,Ya
965,"Tee All RR 10"" x 2"" PVC - 250 x 63mm",buah,173538,17353.8,8676.9,164861.1,Ya
248,"Clamp Sadle 8"" x 1/2"" PVC - 200 X 20mm",buah,171650,17165.0,8582.5,163067.5,Ya
974,"Tee All RR 8"" x 3"" PVC - 200 X 90mm",buah,168939,16893.9,8446.95,160492.05000000002,Ya
756,"Pipa S-5 (PN-10) - 6 meter 4"" HDPE - 110mm",meter,167871,16787.100000000002,8393.550000000001,159477.44999999998,Ya
794,Pita Printer LX 200/300 - Kain - -,buah,165009,16500.9,8250.45,156758.55000000002,Ya
732,"Pipa S-4 (PN-12) - 250 meter 1/2"" HDPE - 20mm",meter,164872,16487.2,8243.6,156628.4,Ya
395,"Flange 4"" CI - 100mm",buah,157903,15790.3,7895.150000000001,150007.85,Ya
156,"Bend All RR 90 drj S-12,5 4"" PVC - 110mm",buah,157567,15756.7,7878.35,149688.65,Ya
863,"Socket All RR 10"" PVC - 250mm",buah,156553,15655.3,7827.650000000001,148725.35,Ya
295,"Disket HD 5 1/4"" 5 1/4"" Plastik - -",buah,156024,15602.4,7801.200000000001,148222.80000000002,Ya
881,"Reducer RR + SC 2"" x 1 1/2"" PVC - 63 X 50mm",buah,155177,15517.7,7758.85,147418.15,Ya
139,"Bend All RR 22 1/2 drj S-12,5 18"" PVC - 450mm",buah,154041,15404.1,7702.05,146338.94999999998,Ya
705,"Pipa S-12,5 MOF -6 meter - PVC - 280mm",meter,152535,15253.5,7626.75,144908.25,Ya
773,"Pipa S-8 (PN-6) - 250 meter 1"" HDPE - 32mm",meter,150476,15047.6,7523.8,142952.19999999998,Ya
270,"Clamp Sadle 3"" x 2"" PVC - 90 X 63mm",buah,150023,15002.3,7501.150000000001,142521.85,Ya
184,"Bend All RR 45 drj S-12,5 16"" PVC - 400mm",buah,149333,14933.3,7466.650000000001,141866.35,Ya
476,Gas Chlor - Gas - -,kilogram,143908,14390.8,7195.400000000001,136712.6,Ya
372,"Flange Adaptor RRJ 8"" PVC - 200mm",buah,141024,14102.4,7051.200000000001,133972.80000000002,Ya
361,"Female Threaded Adaptor 1"" x 1"" HDPE - 32 x 32mm",buah,138598,13859.8,6929.900000000001,131668.1,Ya
450,Form Laporan Penagihan Penagih Air Bulan Lalu (LPPA) F4 - Kertas - -,buku,136654,13665.4,6832.700000000001,129821.3,Ya
707,"Pipa S-12,5 MOF -6 meter 1"" PVC - 32mm",meter,136584,13658.4,6829.200000000001,129754.8,Ya
296,"Dop Topi 4"" GI - -",buah,134550,13455.0,6727.5,127822.5,Ya
265,"Clamp Sadle 3"" x 1/2"" PVC - 90 X 20mm",buah,132876,13287.6,6643.8,126232.2,Ya
921,"Repair Socket 2 1/2"" PVC - 75mm",buah,132499,13249.9,6624.950000000001,125874.05,Ya
775,"Pipa S-8 (PN-6) - 50 meter 3"" HDPE - 90mm",meter,132248,13224.8,6612.400000000001,125635.6,Ya
382,"Flange Adaptor RRJ 24"" PVC - 630mm",buah,131188,13118.8,6559.400000000001,124628.6,Ya
533,"Kertas Continue Form 1 ply bergaris 2000 set 9 1/2 x 11"" Kertas - -",box,127912,12791.2,6395.6,121516.4,Ya
191,"Bend All RR 90 drj S-12,5 14"" PVC - 355mm",buah,127825,12782.5,6391.25,121433.75,Ya
188,"Bend All RR 45 drj S-12,5 5"" PVC - 125mm",buah,125691,12569.1,6284.55,119406.45,Ya
350,"Elbow with Threaded male off take 1/2"" x 1/2"" HDPE - 20 x 20mm",buah,122799,12279.9,6139.950000000001,116659.05,Ya
280,"Clamp Sadle 4"" x 1"" PVC - 110 X 32mm",buah,119804,11980.4,5990.200000000001,113813.8,Ya
87,Amoniak - Cair - -,liter,115054,11505.4,5752.700000000001,109301.3,Ya
591,"Knee 1 1/2"" PVC - 50mm",buah,111094,11109.4,5554.700000000001,105539.3,Ya
642,"Pipa 12"" ACP - 300mm",meter,110647,11064.7,5532.35,105114.65,Ya
172,"Bend All RR 11 1/4 drj S-12,5 24"" PVC - 630mm",buah,110588,11058.8,5529.400000000001,105058.6,Ya
601,"Knee 1 1/2"" GI - 40mm",buah,109839,10983.9,5491.950000000001,104347.05,Ya
108,"Ball Valve 2 1/2"" Brass - 75mm",buah,107230,10723.0,5361.5,101868.5,Ya
761,"Pipa S-5 (PN-10) - 6 meter 8"" HDPE - 200mm",meter,103268,10326.8,5163.400000000001,98104.6,Ya
448,Form Jurnal Umum (JU) A3 - Kertas - -,buku,100768,10076.8,5038.400000000001,95729.6,Ya
605,KPtCl6 - Powder - -,gram,93317,9331.7,4665.85,88651.15000000001,Ya
285,Computer Binder Kecil - Plastik - -,buah,92957,9295.7,4647.85,88309.15000000001,Ya
995,"Tee RR + SC 2 1/2"" x 1 1/2"" PVC - 75 X 50mm",buah,91806,9180.6,4590.3,87215.7,Ya
284,Computer Binder Besar - Plastik - -,buah,90658,9065.8,4532.900000000001,86125.09999999999,Ya
559,"Kertas Continue Form 5 ply polos 500 set 9 1/2 x 11"" Kertas - -",box,88800,8880.0,4440.0,84360.0,Ya
941,Spidol Biasa OHP - Plastik - -,buah,82245,8224.5,4112.25,78132.75,Ya
35,"Bend All Flanged 90 drj 10"" CI - 250mm",buah,79318,7931.8,3965.9,75352.09999999999,Ya
694,"Pipa S-10 RR - 6 meter 28"" PVC - 720mm",meter,73089,7308.900000000001,3654.45,69434.55,Tidak
678,"Pipa S-10 MOF - 6 meter 3"" PVC - 90mm",meter,71838,7183.8,3591.9,68246.09999999999,Tidak
241,"Clamp Sadle 6"" x 1/2"" PVC - 160 X 20mm",buah,71433,7143.3,3571.65,67861.34999999999,Tidak
620,Map Plastik Transparan SneiHekter - Plastik - -,buah,68739,6873.900000000001,3436.9500000000003,65302.05,Tidak
481,"Gate Valve Flanged Flat Body 2"" CI - 50mm",buah,67560,6756.0,3378.0,64182.0,Tidak
645,"Pipa 8"" Steel - 200mm",meter,66343,6634.3,3317.15,63025.85,Tidak
999,"Tee All RR 3"" x 3"" PVC - 90 X 90mm",buah,65612,6561.200000000001,3280.6000000000004,62331.4,Tidak
956,"Swing Chek Valve Flanged PN.10 12"" CI - 300mm",buah,61112,6111.200000000001,3055.6000000000004,58056.4,Tidak
127,"Bend All RR 11 1/4 drj S-12,5 16"" PVC - 400mm",buah,60234,6023.400000000001,3011.7000000000003,57222.3,Tidak
487,Gate Valve Flanged Flat Body 12 CI - 300mm,buah,58453,5845.3,2922.65,55530.35,Tidak
766,"Pipa S-5 (PN-10) - 6 meter 14"" HDPE - 355mm",meter,57985,5798.5,2899.25,55085.75,Tidak
510,H3PO4 - Cair - -,liter,57457,5745.700000000001,2872.8500000000004,54584.15,Tidak
838,"Reducer All RR 6"" x 4"" PVC - 160 X 110mm",buah,56836,5683.6,2841.8,53994.2,Tidak
940,Spidol Biasa 4 warna - Plastik - -,buah,51600,5160.0,2580.0,49020.0,Tidak
306,"Dop/Cup SC 1/2"" PVC - 20mm",buah,51408,5140.8,2570.4,48837.6,Tidak
18,"Bend All Flanged 22.5 drj 20"" CI - 500mm",buah,50409,5040.900000000001,2520.4500000000003,47888.55,Tidak
892,"Reducer RR + SC 3"" x 1 1/2"" PVC - 90 X 50mm",buah,44669,4466.900000000001,2233.4500000000003,42435.55,Tidak
501,Giboult Joint Reducer - CI - 149 x 133mm,buah,41263,4126.3,2063.15,39199.85,Tidak
547,"Kertas Continue Form 3 ply bergaris 1000 set 8 1/2 x 11"" Kertas - -",box,39178,3917.8,1958.9,37219.1,Tidak
200,Box WM + (kunci dan plat) - Fiber Glass - -,buah,37452,3745.2,1872.6,35579.4,Tidak
307,Dop/Cup RR 8 PVC - 200mm,buah,36490,3649.0,1824.5,34665.5,Tidak
5,"Bend All Flanged 11.25 drj 10"" CI - 250mm",buah,35016,3501.6000000000004,1750.8000000000002,33265.200000000004,Tidak
832,"Reducer RR + SC 4"" x 3/4"" PVC - 110 X 25mm",buah,34714,3471.4,1735.7,32978.3,Tidak
95,"Automatic Double Air Relief Batterfly Valve Flanged 8"" CI - 200mm",buah,33242,3324.2000000000003,1662.1,31579.9,Tidak
75,"Tee All Flanged 10"" x 2"" CI - 250 x 50mm",buah,32480,3248.0,1624.0,30856.0,Tidak
360,"Female Threaded Adaptor 3/4"" x 3/4"" HDPE - 25 x 25mm",buah,27685,2768.5,1384.25,26300.75,Tidak
327,"Double Neple 2 1/2"" GI - 75mm",buah,27276,2727.6000000000004,1363.8000000000002,25912.2,Tidak
902,Rekening Denda - Kertas - -,box,23664,2366.4,1183.2,22480.8,Tidak
73,"Tee All Flanged 12"" x 3"" CI - 350 x 80mm",buah,22035,2203.5,1101.75,20933.25,Tidak
855,"Reducer All RR 8"" x 2"" PVC - 200 X 63mm",buah,19485,1948.5,974.25,18510.75,Tidak
716,"Pipa S-12,5 RR - 6 meter - PVC - 225mm",meter,18304,1830.4,915.2,17388.8,Tidak
808,"Reducer All Flange 14"" x 12"" CI - 350 x 300mm",buah,15318,1531.8000000000002,765.9000000000001,14552.1,Tidak
682,"Pipa S-10 RR - 6 meter 5"" PVC - 140mm",meter,15076,1507.6,753.8000000000001,14322.2,Tidak
178,"Bend All RR 22 1/2 drj S-12,5 14"" PVC - 355mm",buah,10773,1077.3,538.65,10234.35,Tidak
242,"Clamp Sadle 6"" x 3/4"" PVC - 160 X 25mm",buah,9722,972.2,486.1,9235.9,Tidak
570,Kertas HVS 70 gram-Kertas A3 - Kertas - -,rim,9683,968.3,484.15,9198.85,Tidak
22,"Bend All Flanged 45 drj 8"" CI - 200mm",buah,9641,964.1,482.05,9158.95,Tidak
366,"Flange Socket RR 4"" PVC - 110mm",buah,8961,896.1,448.05,8512.949999999999,Tidak
457,Form Tanda Penyetoran Uang (TPU) - Kertas - -,buku,7871,787.1,393.55,7477.45,Tidak
